acceleration,fname,method,nmse,psnr,ssim,source
4,file_brain_AXT2_200_2000080.h5,CAPS,0.009429149329662323,31.814870125848643,0.8732812361603363,outputs/fastmri256_tuning30_r4.csv
4,file_brain_AXT2_200_2000080.h5,CG,0.024745551869273186,27.624618192944865,0.7941309060173221,outputs/fastmri256_tuning30_r4.csv
4,file_brain_AXT2_200_2000080.h5,LACS,0.0205135028809309,28.43920017914631,0.7603296876436758,outputs/fastmri256_tuning30_r4.csv
4,file_brain_AXT2_200_2000080.h5,NeRP,0.025719478726387024,27.456973983866817,0.7247443869139587,outputs/fastmri256_tuning30_r4.csv
4,file_brain_AXT2_200_2000080.h5,ZF,0.039090417325496674,25.638889569815188,0.7476916922720991,outputs/fastmri256_tuning30_r4.csv
4,file_brain_AXT2_200_2000288.h5,CAPS,0.010012403130531311,32.973209475266415,0.8942209209505385,outputs/fastmri256_tuning30_r4.csv
4,file_brain_AXT2_200_2000288.h5,CG,0.021424027159810066,29.66958060802192,0.8395176989129757,outputs/fastmri256_tuning30_r4.csv
4,file_brain_AXT2_200_2000288.h5,LACS,0.017329439520835876,30.590749044035466,0.8286871336872599,outputs/fastmri256_tuning30_r4.csv
4,file_brain_AXT2_200_2000288.h5,NeRP,0.02616976387798786,28.800595312930263,0.772708232174278,outputs/fastmri256_tuning30_r4.csv
4,file_brain_AXT2_200_2000288.h5,ZF,0.04342132434248924,26.601558110307217,0.7703127571632289,outputs/fastmri256_tuning30_r4.csv
4,file_brain_AXT2_200_2000537.h5,CAPS,0.11416138708591461,21.11772680664592,0.7598678992707886,outputs/fastmri256_tuning30_r4.csv
4,file_brain_AXT2_200_2000537.h5,CG,0.0473170280456543,24.942754186878933,0.7389095480335688,outputs/fastmri256_tuning30_r4.csv
4,file_brain_AXT2_200_2000537.h5,LACS,0.04498694837093353,25.16206773938642,0.710220834278384,outputs/fastmri256_tuning30_r4.csv
4,file_brain_AXT2_200_2000537.h5,NeRP,0.05412574112415314,24.358892981790447,0.6530043943876493,outputs/fastmri256_tuning30_r4.csv
4,file_brain_AXT2_200_2000537.h5,ZF,0.04254657402634621,25.404287766822115,0.7360983069981375,outputs/fastmri256_tuning30_r4.csv
4,file_brain_AXT2_200_2000585.h5,CAPS,0.028484921902418137,28.788586774593856,0.8010297647029446,outputs/fastmri256_tuning30_r4.csv
4,file_brain_AXT2_200_2000585.h5,CG,0.03707943484187126,27.643401328580875,0.7555720323011432,outputs/fastmri256_tuning30_r4.csv
4,file_brain_AXT2_200_2000585.h5,LACS,0.03354892507195473,28.077950616278486,0.7355866788162615,outputs/fastmri256_tuning30_r4.csv
4,file_brain_AXT2_200_2000585.h5,NeRP,0.04179459065198898,27.123535587365115,0.6831688790960739,outputs/fastmri256_tuning30_r4.csv
4,file_brain_AXT2_200_2000585.h5,ZF,0.047114480286836624,26.603188896448167,0.7574251481211394,outputs/fastmri256_tuning30_r4.csv
4,file_brain_AXT2_200_6002228.h5,CAPS,0.01667952537536621,32.571481272793136,0.8553569039866105,outputs/fastmri256_tuning30_r4.csv
4,file_brain_AXT2_200_6002228.h5,CG,0.02878464385867119,30.201712000328513,0.8169144830030497,outputs/fastmri256_tuning30_r4.csv
4,file_brain_AXT2_200_6002228.h5,LACS,0.023459885269403458,31.09006183021579,0.7991964596695109,outputs/fastmri256_tuning30_r4.csv
4,file_brain_AXT2_200_6002228.h5,NeRP,0.031403981149196625,29.823476723061155,0.7536069660169947,outputs/fastmri256_tuning30_r4.csv
4,file_brain_AXT2_200_6002228.h5,ZF,0.05681443214416504,27.24873023255507,0.7863004457685168,outputs/fastmri256_tuning30_r4.csv
4,file_brain_AXT2_200_6002610.h5,CAPS,0.01580122672021389,31.37471489603295,0.8289652869613092,outputs/fastmri256_tuning30_r4.csv
4,file_brain_AXT2_200_6002610.h5,CG,0.027149539440870285,29.023998540355215,0.785429664617916,outputs/fastmri256_tuning30_r4.csv
4,file_brain_AXT2_200_6002610.h5,LACS,0.02351091429591179,29.64893181452036,0.7462242670676376,outputs/fastmri256_tuning30_r4.csv
4,file_brain_AXT2_200_6002610.h5,NeRP,0.029956290498375893,28.596743336811876,0.7156262870576335,outputs/fastmri256_tuning30_r4.csv
4,file_brain_AXT2_200_6002610.h5,ZF,0.051383744925260544,26.253366093986905,0.7555896853636006,outputs/fastmri256_tuning30_r4.csv
4,file_brain_AXT2_201_2010077.h5,CAPS,0.03043990023434162,28.931905463425718,0.8051197352703634,outputs/fastmri256_tuning30_r4.csv
4,file_brain_AXT2_201_2010077.h5,CG,0.026435084640979767,29.544531045879587,0.8028921921245606,outputs/fastmri256_tuning30_r4.csv
4,file_brain_AXT2_201_2010077.h5,LACS,0.02622760832309723,29.57875522720007,0.7658732601406681,outputs/fastmri256_tuning30_r4.csv
4,file_brain_AXT2_201_2010077.h5,NeRP,0.03349941596388817,28.515970284081185,0.7078788536765849,outputs/fastmri256_tuning30_r4.csv
4,file_brain_AXT2_201_2010077.h5,ZF,0.03355984762310982,28.50814467471806,0.7891309381974116,outputs/fastmri256_tuning30_r4.csv
4,file_brain_AXT2_201_2010089.h5,CAPS,0.013347710482776165,30.187898081272348,0.8206504765697731,outputs/fastmri256_tuning30_r4.csv
4,file_brain_AXT2_201_2010089.h5,CG,0.03312771022319794,26.240047751075085,0.7438723609508873,outputs/fastmri256_tuning30_r4.csv
4,file_brain_AXT2_201_2010089.h5,LACS,0.030748048797249794,26.563789770444725,0.7019607500675198,outputs/fastmri256_tuning30_r4.csv
4,file_brain_AXT2_201_2010089.h5,NeRP,0.032035376876592636,26.38566391587634,0.6833797863084352,outputs/fastmri256_tuning30_r4.csv
4,file_brain_AXT2_201_2010089.h5,ZF,0.0478941947221756,24.63913214333006,0.7114382803755221,outputs/fastmri256_tuning30_r4.csv
4,file_brain_AXT2_201_2010553.h5,CAPS,0.05558096989989281,28.756731072276203,0.8021022484337625,outputs/fastmri256_tuning30_r4.csv
4,file_brain_AXT2_201_2010553.h5,CG,0.03307991847395897,31.010350979009385,0.8215622725099934,outputs/fastmri256_tuning30_r4.csv
4,file_brain_AXT2_201_2010553.h5,LACS,0.032226793467998505,31.123827280288303,0.7799416223115758,outputs/fastmri256_tuning30_r4.csv
4,file_brain_AXT2_201_2010553.h5,NeRP,0.046356890350580215,29.54485589359082,0.715302908920724,outputs/fastmri256_tuning30_r4.csv
4,file_brain_AXT2_201_2010553.h5,ZF,0.04185023903846741,29.989015592146124,0.822926055062884,outputs/fastmri256_tuning30_r4.csv
4,file_brain_AXT2_202_2020079.h5,CAPS,0.03013000264763832,29.787756943393898,0.7324489365333015,outputs/fastmri256_tuning30_r4.csv
4,file_brain_AXT2_202_2020079.h5,CG,0.039496347308158875,28.612173759570283,0.6770083447709669,outputs/fastmri256_tuning30_r4.csv
4,file_brain_AXT2_202_2020079.h5,LACS,0.03973342850804329,28.58618709069473,0.6625266098042413,outputs/fastmri256_tuning30_r4.csv
4,file_brain_AXT2_202_2020079.h5,NeRP,0.04374124854803085,28.16883723270309,0.6186669730395037,outputs/fastmri256_tuning30_r4.csv
4,file_brain_AXT2_202_2020079.h5,ZF,0.05474099889397621,27.194615326824557,0.7299755294641577,outputs/fastmri256_tuning30_r4.csv
4,file_brain_AXT2_202_2020116.h5,CAPS,0.013238346204161644,32.82852278865482,0.8360554289238202,outputs/fastmri256_tuning30_r4.csv
4,file_brain_AXT2_202_2020116.h5,CG,0.024367710575461388,30.178709678869584,0.7838318140147756,outputs/fastmri256_tuning30_r4.csv
4,file_brain_AXT2_202_2020116.h5,LACS,0.021412966772913933,30.740089534965485,0.7848362197798328,outputs/fastmri256_tuning30_r4.csv
4,file_brain_AXT2_202_2020116.h5,NeRP,0.02632572315633297,29.843054110750046,0.7348652640471458,outputs/fastmri256_tuning30_r4.csv
4,file_brain_AXT2_202_2020116.h5,ZF,0.04085277393460274,27.934641464143183,0.7759829413044137,outputs/fastmri256_tuning30_r4.csv
4,file_brain_AXT2_202_2020419.h5,CAPS,0.027202440425753593,31.574467207639287,0.7715188204425425,outputs/fastmri256_tuning30_r4.csv
4,file_brain_AXT2_202_2020419.h5,CG,0.06906839460134506,27.52774765949288,0.6817356699640583,outputs/fastmri256_tuning30_r4.csv
4,file_brain_AXT2_202_2020419.h5,LACS,0.0616694837808609,28.019841544214668,0.6621269615098142,outputs/fastmri256_tuning30_r4.csv
4,file_brain_AXT2_202_2020419.h5,NeRP,0.07098902016878128,27.408635416753796,0.6192971418640891,outputs/fastmri256_tuning30_r4.csv
4,file_brain_AXT2_202_2020419.h5,ZF,0.08566273003816605,26.592621225509205,0.726182136052465,outputs/fastmri256_tuning30_r4.csv
4,file_brain_AXT2_203_2030111.h5,CAPS,0.02135765738785267,28.89723512590694,0.7781622375219339,outputs/fastmri256_tuning30_r4.csv
4,file_brain_AXT2_203_2030111.h5,CG,0.031535591930150986,27.20476334508103,0.7157111336359109,outputs/fastmri256_tuning30_r4.csv
4,file_brain_AXT2_203_2030111.h5,LACS,0.028031673282384872,27.716285394484235,0.7292830675640196,outputs/fastmri256_tuning30_r4.csv
4,file_brain_AXT2_203_2030111.h5,NeRP,0.02793262153863907,27.7316612846734,0.7040593291367196,outputs/fastmri256_tuning30_r4.csv
4,file_brain_AXT2_203_2030111.h5,ZF,0.035454872995615005,26.69601116323319,0.735211690704987,outputs/fastmri256_tuning30_r4.csv
4,file_brain_AXT2_203_2030145.h5,CAPS,0.015254690311849117,31.04074927180389,0.8716838063752673,outputs/fastmri256_tuning30_r4.csv
4,file_brain_AXT2_203_2030145.h5,CG,0.02189084328711033,29.472162920594265,0.7957317953759007,outputs/fastmri256_tuning30_r4.csv
4,file_brain_AXT2_203_2030145.h5,LACS,0.01654684543609619,30.687634035840794,0.8386929118681608,outputs/fastmri256_tuning30_r4.csv
4,file_brain_AXT2_203_2030145.h5,NeRP,0.021874994039535522,29.47530972398825,0.7721460586354456,outputs/fastmri256_tuning30_r4.csv
4,file_brain_AXT2_203_2030145.h5,ZF,0.039230186492204666,26.938580438880223,0.7716646372117062,outputs/fastmri256_tuning30_r4.csv
4,file_brain_AXT2_203_2030401.h5,CAPS,0.011341986246407032,29.136801686955494,0.8473177589073073,outputs/fastmri256_tuning30_r4.csv
4,file_brain_AXT2_203_2030401.h5,CG,0.024174515157938004,25.850118090788662,0.7369260839005155,outputs/fastmri256_tuning30_r4.csv
4,file_brain_AXT2_203_2030401.h5,LACS,0.020932462066411972,26.475493181705218,0.7553391203238558,outputs/fastmri256_tuning30_r4.csv
4,file_brain_AXT2_203_2030401.h5,NeRP,0.02128131315112114,26.40371544613528,0.7069380545366042,outputs/fastmri256_tuning30_r4.csv
4,file_brain_AXT2_203_2030401.h5,ZF,0.03475005552172661,24.27413385193454,0.7236212014307905,outputs/fastmri256_tuning30_r4.csv
4,file_brain_AXT2_204_2040005.h5,CAPS,0.012707113288342953,30.967828443691573,0.8587053346187774,outputs/fastmri256_tuning30_r4.csv
4,file_brain_AXT2_204_2040005.h5,CG,0.02757756970822811,27.60273799375256,0.7968067705939053,outputs/fastmri256_tuning30_r4.csv
4,file_brain_AXT2_204_2040005.h5,LACS,0.024247409775853157,28.161646523437724,0.7583781577231802,outputs/fastmri256_tuning30_r4.csv
4,file_brain_AXT2_204_2040005.h5,NeRP,0.02629890851676464,27.808924828559128,0.735483418114665,outputs/fastmri256_tuning30_r4.csv
4,file_brain_AXT2_204_2040005.h5,ZF,0.050147876143455505,25.00577220244321,0.745523618871226,outputs/fastmri256_tuning30_r4.csv
4,file_brain_AXT2_204_2040043.h5,CAPS,0.024341357871890068,28.222008918814137,0.7931474071694702,outputs/fastmri256_tuning30_r4.csv
4,file_brain_AXT2_204_2040043.h5,CG,0.04333003982901573,25.71756462050615,0.7394789859040369,outputs/fastmri256_tuning30_r4.csv
4,file_brain_AXT2_204_2040043.h5,LACS,0.040441736578941345,26.017159873498677,0.7042212863100492,outputs/fastmri256_tuning30_r4.csv
4,file_brain_AXT2_204_2040043.h5,NeRP,0.04064568877220154,25.99531328676733,0.6605802515665187,outputs/fastmri256_tuning30_r4.csv
4,file_brain_AXT2_204_2040043.h5,ZF,0.055197522044181824,24.66626040528247,0.7195149799236477,outputs/fastmri256_tuning30_r4.csv
4,file_brain_AXT2_204_2040073.h5,CAPS,0.018772035837173462,28.167449052902786,0.8189473678575321,outputs/fastmri256_tuning30_r4.csv
4,file_brain_AXT2_204_2040073.h5,CG,0.029636109247803688,26.18435052099734,0.7706014008427012,outputs/fastmri256_tuning30_r4.csv
4,file_brain_AXT2_204_2040073.h5,LACS,0.0268961600959301,26.60566437267249,0.7414753458290865,outputs/fastmri256_tuning30_r4.csv
4,file_brain_AXT2_204_2040073.h5,NeRP,0.02943609096109867,26.213765757427336,0.7154526318503691,outputs/fastmri256_tuning30_r4.csv
4,file_brain_AXT2_204_2040073.h5,ZF,0.05172465369105339,23.765586212541475,0.7245971531385207,outputs/fastmri256_tuning30_r4.csv
4,file_brain_AXT2_205_2050022.h5,CAPS,0.029671240597963333,28.134487388886896,0.6952713894853118,outputs/fastmri256_tuning30_r4.csv
4,file_brain_AXT2_205_2050022.h5,CG,0.03411940485239029,27.527826669072848,0.6696529555154118,outputs/fastmri256_tuning30_r4.csv
4,file_brain_AXT2_205_2050022.h5,LACS,0.03498358279466629,27.419204012279593,0.6526080701814936,outputs/fastmri256_tuning30_r4.csv
4,file_brain_AXT2_205_2050022.h5,NeRP,0.035994753241539,27.29545565943763,0.6338037543837425,outputs/fastmri256_tuning30_r4.csv
4,file_brain_AXT2_205_2050022.h5,ZF,0.04306703805923462,26.51639662734304,0.7466614241665545,outputs/fastmri256_tuning30_r4.csv
4,file_brain_AXT2_205_6000027.h5,CAPS,0.021290386095643044,32.53287352298769,0.8159133379403187,outputs/fastmri256_tuning30_r4.csv
4,file_brain_AXT2_205_6000027.h5,CG,0.047614969313144684,29.037270422558713,0.7568788967357495,outputs/fastmri256_tuning30_r4.csv
4,file_brain_AXT2_205_6000027.h5,LACS,0.04235340282320976,29.54582445676416,0.7188664593105377,outputs/fastmri256_tuning30_r4.csv
4,file_brain_AXT2_205_6000027.h5,NeRP,0.056240975856781006,28.31417935575748,0.6751552552602291,outputs/fastmri256_tuning30_r4.csv
4,file_brain_AXT2_205_6000027.h5,ZF,0.06327446550130844,27.80241943881841,0.7655190434169676,outputs/fastmri256_tuning30_r4.csv
4,file_brain_AXT2_207_2070289.h5,CAPS,0.014575287699699402,33.003695258636526,0.868870862354283,outputs/fastmri256_tuning30_r4.csv
4,file_brain_AXT2_207_2070289.h5,CG,0.04431689530611038,28.17416735347665,0.7555477064890456,outputs/fastmri256_tuning30_r4.csv
4,file_brain_AXT2_207_2070289.h5,LACS,0.03517669439315796,29.177314261636557,0.7771739380306827,outputs/fastmri256_tuning30_r4.csv
4,file_brain_AXT2_207_2070289.h5,NeRP,0.049260213971138,27.714902158885117,0.7372387793494221,outputs/fastmri256_tuning30_r4.csv
4,file_brain_AXT2_207_2070289.h5,ZF,0.05750589072704315,27.04274042394811,0.747839376171419,outputs/fastmri256_tuning30_r4.csv
4,file_brain_AXT2_207_2070356.h5,CAPS,0.013628183864057064,31.818738726398553,0.8520249321136699,outputs/fastmri256_tuning30_r4.csv
4,file_brain_AXT2_207_2070356.h5,CG,0.04596066474914551,26.539251829768023,0.6993331701571246,outputs/fastmri256_tuning30_r4.csv
4,file_brain_AXT2_207_2070356.h5,LACS,0.033938147127628326,27.856233830595954,0.7519766959185148,outputs/fastmri256_tuning30_r4.csv
4,file_brain_AXT2_207_2070356.h5,NeRP,0.04437269642949104,26.691955081769688,0.7282499416907315,outputs/fastmri256_tuning30_r4.csv
4,file_brain_AXT2_207_2070356.h5,ZF,0.05888324975967407,25.463191379050848,0.7164188046627753,outputs/fastmri256_tuning30_r4.csv
4,file_brain_AXT2_207_2070712.h5,CAPS,0.014628972858190536,31.89768938547498,0.8439766625485471,outputs/fastmri256_tuning30_r4.csv
4,file_brain_AXT2_207_2070712.h5,CG,0.059226665645837784,25.82464988340635,0.685381094179137,outputs/fastmri256_tuning30_r4.csv
4,file_brain_AXT2_207_2070712.h5,LACS,0.04480687156319618,27.036378842628068,0.7220707637724132,outputs/fastmri256_tuning30_r4.csv
4,file_brain_AXT2_207_2070712.h5,NeRP,0.0519077330827713,26.39750522976734,0.7012980362798207,outputs/fastmri256_tuning30_r4.csv
4,file_brain_AXT2_207_2070712.h5,ZF,0.06935527920722961,25.139027249951837,0.715701971613974,outputs/fastmri256_tuning30_r4.csv
4,file_brain_AXT2_208_2080011.h5,CAPS,0.013830323703587055,31.795189755460292,0.8340261919354155,outputs/fastmri256_tuning30_r4.csv
4,file_brain_AXT2_208_2080011.h5,CG,0.04718276858329773,26.465674575575456,0.6813589504591873,outputs/fastmri256_tuning30_r4.csv
4,file_brain_AXT2_208_2080011.h5,LACS,0.03482276201248169,27.784879833273788,0.708602581621959,outputs/fastmri256_tuning30_r4.csv
4,file_brain_AXT2_208_2080011.h5,NeRP,0.043295230716466904,26.83911337312857,0.6729620055187892,outputs/fastmri256_tuning30_r4.csv
4,file_brain_AXT2_208_2080011.h5,ZF,0.05577443540096283,25.73915478474212,0.7213589068536639,outputs/fastmri256_tuning30_r4.csv
4,file_brain_AXT2_208_2080711.h5,CAPS,0.012855901382863522,31.995278418340824,0.8513130986660398,outputs/fastmri256_tuning30_r4.csv
4,file_brain_AXT2_208_2080711.h5,CG,0.047380298376083374,26.330317811962068,0.7035836325411722,outputs/fastmri256_tuning30_r4.csv
4,file_brain_AXT2_208_2080711.h5,LACS,0.035618316382169724,27.56956406535074,0.7434030955160397,outputs/fastmri256_tuning30_r4.csv
4,file_brain_AXT2_208_2080711.h5,NeRP,0.043734535574913025,26.67805282595404,0.7209253245432774,outputs/fastmri256_tuning30_r4.csv
4,file_brain_AXT2_208_2080711.h5,ZF,0.05988317355513573,25.313248921043737,0.7211295415754158,outputs/fastmri256_tuning30_r4.csv
4,file_brain_AXT2_209_2090109.h5,CAPS,0.04046858102083206,26.191323547830546,0.8043080212374794,outputs/fastmri256_tuning30_r4.csv
4,file_brain_AXT2_209_2090109.h5,CG,0.037480294704437256,26.524482151870494,0.7578358133786192,outputs/fastmri256_tuning30_r4.csv
4,file_brain_AXT2_209_2090109.h5,LACS,0.03364666551351547,26.99309319262003,0.7447492435417205,outputs/fastmri256_tuning30_r4.csv
4,file_brain_AXT2_209_2090109.h5,NeRP,0.03937389329075813,26.310430902005365,0.7184337348464885,outputs/fastmri256_tuning30_r4.csv
4,file_brain_AXT2_209_2090109.h5,ZF,0.0534072108566761,24.9865125647336,0.7350230025722626,outputs/fastmri256_tuning30_r4.csv
4,file_brain_AXT2_209_2090122.h5,CAPS,0.03116317093372345,30.548088851332448,0.8025904540050002,outputs/fastmri256_tuning30_r4.csv
4,file_brain_AXT2_209_2090122.h5,CG,0.035924483090639114,29.93060052565805,0.7886768705128586,outputs/fastmri256_tuning30_r4.csv
4,file_brain_AXT2_209_2090122.h5,LACS,0.03478771075606346,30.07025223100126,0.7534741836237527,outputs/fastmri256_tuning30_r4.csv
4,file_brain_AXT2_209_2090122.h5,NeRP,0.039660025388002396,29.500979040675986,0.7172200991231966,outputs/fastmri256_tuning30_r4.csv
4,file_brain_AXT2_209_2090122.h5,ZF,0.04971199482679367,28.519895631739477,0.7930256778805355,outputs/fastmri256_tuning30_r4.csv
4,file_brain_AXT2_209_2090239.h5,CAPS,0.02605828084051609,29.37827813031332,0.8006208562998958,outputs/fastmri256_tuning30_r4.csv
4,file_brain_AXT2_209_2090239.h5,CG,0.03301965817809105,28.350011734690387,0.76286935730734,outputs/fastmri256_tuning30_r4.csv
4,file_brain_AXT2_209_2090239.h5,LACS,0.03156488016247749,28.545695725287356,0.745284490018187,outputs/fastmri256_tuning30_r4.csv
4,file_brain_AXT2_209_2090239.h5,NeRP,0.03895469009876251,27.63214450297077,0.7099971699397379,outputs/fastmri256_tuning30_r4.csv
4,file_brain_AXT2_209_2090239.h5,ZF,0.04589312523603439,26.9202620088085,0.7688347332283154,outputs/fastmri256_tuning30_r4.csv
4,file_brain_AXT2_209_2090388.h5,CAPS,0.019045613706111908,29.654334563177457,0.8164590164728971,outputs/fastmri256_tuning30_r4.csv
4,file_brain_AXT2_209_2090388.h5,CG,0.029999077320098877,27.681205322685013,0.7702870797161168,outputs/fastmri256_tuning30_r4.csv
4,file_brain_AXT2_209_2090388.h5,LACS,0.026828886941075325,28.166261273171926,0.7515607339358172,outputs/fastmri256_tuning30_r4.csv
4,file_brain_AXT2_209_2090388.h5,NeRP,0.032494641840457916,27.33417230974837,0.7083689943926887,outputs/fastmri256_tuning30_r4.csv
4,file_brain_AXT2_209_2090388.h5,ZF,0.04551221802830696,25.871004452631226,0.7656019776122929,outputs/fastmri256_tuning30_r4.csv
4,file_brain_AXT2_209_6001087.h5,CAPS,0.04705914855003357,26.996805459272046,0.7564697046322957,outputs/fastmri256_tuning30_r4.csv
4,file_brain_AXT2_209_6001087.h5,CG,0.04268569499254227,27.420423712785183,0.7193256222957501,outputs/fastmri256_tuning30_r4.csv
4,file_brain_AXT2_209_6001087.h5,LACS,0.038493409752845764,27.869386783222666,0.7164293439352282,outputs/fastmri256_tuning30_r4.csv
4,file_brain_AXT2_209_6001087.h5,NeRP,0.05606227368116379,26.236544113662596,0.6562871305600835,outputs/fastmri256_tuning30_r4.csv
4,file_brain_AXT2_209_6001087.h5,ZF,0.058013588190078735,26.0879490618713,0.7343953510031462,outputs/fastmri256_tuning30_r4.csv
4,file_brain_AXT2_200_2000080.h5,Shamaei E2E-VarNet,0.007125708740204573,33.0313064092533,0.9350549000382284,outputs/shamaei_fastmri256_zfl2_tuning30_r4.csv
4,file_brain_AXT2_200_2000288.h5,Shamaei E2E-VarNet,0.007552554830908775,34.19765218405153,0.9456268149494224,outputs/shamaei_fastmri256_zfl2_tuning30_r4.csv
4,file_brain_AXT2_200_2000537.h5,Shamaei E2E-VarNet,0.010271587409079075,31.57655444287299,0.9110288062724557,outputs/shamaei_fastmri256_zfl2_tuning30_r4.csv
4,file_brain_AXT2_200_2000585.h5,Shamaei E2E-VarNet,0.009156289510428905,33.717533916071616,0.9271815242066159,outputs/shamaei_fastmri256_zfl2_tuning30_r4.csv
4,file_brain_AXT2_200_6002228.h5,Shamaei E2E-VarNet,0.009098118171095848,35.20380006329852,0.9479561990008354,outputs/shamaei_fastmri256_zfl2_tuning30_r4.csv
4,file_brain_AXT2_200_6002610.h5,Shamaei E2E-VarNet,0.007673030253499746,34.51195107465637,0.9431045719395206,outputs/shamaei_fastmri256_zfl2_tuning30_r4.csv
4,file_brain_AXT2_201_2010077.h5,Shamaei E2E-VarNet,0.008827853947877884,34.307788680586235,0.9318090013172087,outputs/shamaei_fastmri256_zfl2_tuning30_r4.csv
4,file_brain_AXT2_201_2010089.h5,Shamaei E2E-VarNet,0.010159376077353954,31.373291594833617,0.901458564687383,outputs/shamaei_fastmri256_zfl2_tuning30_r4.csv
4,file_brain_AXT2_201_2010553.h5,Shamaei E2E-VarNet,0.010085047222673893,36.169211313958186,0.9464487037291359,outputs/shamaei_fastmri256_zfl2_tuning30_r4.csv
4,file_brain_AXT2_202_2020079.h5,Shamaei E2E-VarNet,0.01599029265344143,32.53918055865517,0.8621164736411869,outputs/shamaei_fastmri256_zfl2_tuning30_r4.csv
4,file_brain_AXT2_202_2020116.h5,Shamaei E2E-VarNet,0.010392955504357815,33.87946729681882,0.9175281111159921,outputs/shamaei_fastmri256_zfl2_tuning30_r4.csv
4,file_brain_AXT2_202_2020419.h5,Shamaei E2E-VarNet,0.017258942127227783,33.55039842246305,0.9109866748922915,outputs/shamaei_fastmri256_zfl2_tuning30_r4.csv
4,file_brain_AXT2_203_2030111.h5,Shamaei E2E-VarNet,0.014929132536053658,30.45242417411577,0.8443187959280765,outputs/shamaei_fastmri256_zfl2_tuning30_r4.csv
4,file_brain_AXT2_203_2030145.h5,Shamaei E2E-VarNet,0.0063509829342365265,34.84637964651745,0.9339867800443917,outputs/shamaei_fastmri256_zfl2_tuning30_r4.csv
4,file_brain_AXT2_203_2030401.h5,Shamaei E2E-VarNet,0.007118734531104565,31.159659356955306,0.898864372515862,outputs/shamaei_fastmri256_zfl2_tuning30_r4.csv
4,file_brain_AXT2_204_2040005.h5,Shamaei E2E-VarNet,0.006980783771723509,33.56925088476075,0.9437730349124349,outputs/shamaei_fastmri256_zfl2_tuning30_r4.csv
4,file_brain_AXT2_204_2040043.h5,Shamaei E2E-VarNet,0.011907428503036499,31.327274191379175,0.8945375891315467,outputs/shamaei_fastmri256_zfl2_tuning30_r4.csv
4,file_brain_AXT2_204_2040073.h5,Shamaei E2E-VarNet,0.007748035714030266,32.01064087989186,0.9346065732955484,outputs/shamaei_fastmri256_zfl2_tuning30_r4.csv
4,file_brain_AXT2_205_2050022.h5,Shamaei E2E-VarNet,0.014322196133434772,31.297746939507704,0.8651829808455072,outputs/shamaei_fastmri256_zfl2_tuning30_r4.csv
4,file_brain_AXT2_205_6000027.h5,Shamaei E2E-VarNet,0.013503450900316238,34.51025372600759,0.9338510260850041,outputs/shamaei_fastmri256_zfl2_tuning30_r4.csv
4,file_brain_AXT2_207_2070289.h5,Shamaei E2E-VarNet,0.010571025311946869,34.39869179390771,0.9306140522577764,outputs/shamaei_fastmri256_zfl2_tuning30_r4.csv
4,file_brain_AXT2_207_2070356.h5,Shamaei E2E-VarNet,0.009854150004684925,33.226922741822165,0.9245067966040019,outputs/shamaei_fastmri256_zfl2_tuning30_r4.csv
4,file_brain_AXT2_207_2070712.h5,Shamaei E2E-VarNet,0.010455474257469177,33.35638460512318,0.92560138407803,outputs/shamaei_fastmri256_zfl2_tuning30_r4.csv
4,file_brain_AXT2_208_2080011.h5,Shamaei E2E-VarNet,0.009051308035850525,33.63639293698459,0.9145943495794013,outputs/shamaei_fastmri256_zfl2_tuning30_r4.csv
4,file_brain_AXT2_208_2080711.h5,Shamaei E2E-VarNet,0.00948474369943142,33.316039543989575,0.9255329095195383,outputs/shamaei_fastmri256_zfl2_tuning30_r4.csv
4,file_brain_AXT2_209_2090109.h5,Shamaei E2E-VarNet,0.010992251336574554,31.851636704183605,0.9206596440246808,outputs/shamaei_fastmri256_zfl2_tuning30_r4.csv
4,file_brain_AXT2_209_2090122.h5,Shamaei E2E-VarNet,0.011430948041379452,34.90368224336007,0.9333015326948613,outputs/shamaei_fastmri256_zfl2_tuning30_r4.csv
4,file_brain_AXT2_209_2090239.h5,Shamaei E2E-VarNet,0.010772372595965862,33.21462329969594,0.9238752448656019,outputs/shamaei_fastmri256_zfl2_tuning30_r4.csv
4,file_brain_AXT2_209_2090388.h5,Shamaei E2E-VarNet,0.007888708263635635,33.48222556532328,0.9255145234598666,outputs/shamaei_fastmri256_zfl2_tuning30_r4.csv
4,file_brain_AXT2_209_6001087.h5,Shamaei E2E-VarNet,0.012035646475851536,32.918553543672445,0.9061172553883658,outputs/shamaei_fastmri256_zfl2_tuning30_r4.csv
8,file_brain_AXT2_200_2000080.h5,CAPS,0.0805855393409729,22.49701675040949,0.6717859722809039,outputs/fastmri256_tuning30_r8.csv
8,file_brain_AXT2_200_2000080.h5,CG,0.07468836009502411,22.827060288552143,0.644490873179589,outputs/fastmri256_tuning30_r8.csv
8,file_brain_AXT2_200_2000080.h5,LACS,0.07397068291902542,22.86899791261147,0.5904208193794436,outputs/fastmri256_tuning30_r8.csv
8,file_brain_AXT2_200_2000080.h5,NeRP,0.1036437377333641,21.404159211489358,0.5277183750398979,outputs/fastmri256_tuning30_r8.csv
8,file_brain_AXT2_200_2000080.h5,ZF,0.08937157690525055,22.047597364343726,0.6091246883771884,outputs/fastmri256_tuning30_r8.csv
8,file_brain_AXT2_200_2000288.h5,CAPS,0.02842690236866474,28.44129608335219,0.8061579841921849,outputs/fastmri256_tuning30_r8.csv
8,file_brain_AXT2_200_2000288.h5,CG,0.054244544357061386,25.635029412168457,0.7421508691885996,outputs/fastmri256_tuning30_r8.csv
8,file_brain_AXT2_200_2000288.h5,LACS,0.04804551601409912,26.162064907407412,0.722948757074174,outputs/fastmri256_tuning30_r8.csv
8,file_brain_AXT2_200_2000288.h5,NeRP,0.05482148751616478,25.589081488331527,0.6718411101289529,outputs/fastmri256_tuning30_r8.csv
8,file_brain_AXT2_200_2000288.h5,ZF,0.0939401313662529,23.250079536252425,0.6507800544717133,outputs/fastmri256_tuning30_r8.csv
8,file_brain_AXT2_200_2000537.h5,CAPS,0.21352091431617737,18.398519046978755,0.5501654322838658,outputs/fastmri256_tuning30_r8.csv
8,file_brain_AXT2_200_2000537.h5,CG,0.10815577208995819,21.352433778059797,0.5932030758861624,outputs/fastmri256_tuning30_r8.csv
8,file_brain_AXT2_200_2000537.h5,LACS,0.11029385030269623,21.267418126381102,0.5456278381944742,outputs/fastmri256_tuning30_r8.csv
8,file_brain_AXT2_200_2000537.h5,NeRP,0.16686896979808807,19.469176929982982,0.4523279795116016,outputs/fastmri256_tuning30_r8.csv
8,file_brain_AXT2_200_2000537.h5,ZF,0.10496959090232849,21.48229522602837,0.5872105613831874,outputs/fastmri256_tuning30_r8.csv
8,file_brain_AXT2_200_2000585.h5,CAPS,0.09742791205644608,23.44789843772173,0.6796656750121458,outputs/fastmri256_tuning30_r8.csv
8,file_brain_AXT2_200_2000585.h5,CG,0.0865219384431839,23.963466829362076,0.6514561797148075,outputs/fastmri256_tuning30_r8.csv
8,file_brain_AXT2_200_2000585.h5,LACS,0.08491393178701401,24.044943392132758,0.6048784285633961,outputs/fastmri256_tuning30_r8.csv
8,file_brain_AXT2_200_2000585.h5,NeRP,0.11302976310253143,22.802807233689283,0.5406353462862601,outputs/fastmri256_tuning30_r8.csv
8,file_brain_AXT2_200_2000585.h5,ZF,0.1051308661699295,23.117429419429037,0.621559083563431,outputs/fastmri256_tuning30_r8.csv
8,file_brain_AXT2_200_6002228.h5,CAPS,0.1038125529885292,24.63081523087051,0.7161560079591375,outputs/fastmri256_tuning30_r8.csv
8,file_brain_AXT2_200_6002228.h5,CG,0.0927845910191536,25.118555645932894,0.6876779623210382,outputs/fastmri256_tuning30_r8.csv
8,file_brain_AXT2_200_6002228.h5,LACS,0.09064459055662155,25.21989671658865,0.6361105881282013,outputs/fastmri256_tuning30_r8.csv
8,file_brain_AXT2_200_6002228.h5,NeRP,0.12083381414413452,23.971429441606794,0.5858632609267918,outputs/fastmri256_tuning30_r8.csv
8,file_brain_AXT2_200_6002228.h5,ZF,0.1219850406050682,23.930251206434328,0.659513620558689,outputs/fastmri256_tuning30_r8.csv
8,file_brain_AXT2_200_6002610.h5,CAPS,0.08791507035493851,23.920988201175387,0.7108780883886305,outputs/fastmri256_tuning30_r8.csv
8,file_brain_AXT2_200_6002610.h5,CG,0.09810285270214081,23.44480316312397,0.651816966944766,outputs/fastmri256_tuning30_r8.csv
8,file_brain_AXT2_200_6002610.h5,LACS,0.09551524370908737,23.560897350263378,0.5935771325806585,outputs/fastmri256_tuning30_r8.csv
8,file_brain_AXT2_200_6002610.h5,NeRP,0.1185140386223793,22.62392573267555,0.5610511158430231,outputs/fastmri256_tuning30_r8.csv
8,file_brain_AXT2_200_6002610.h5,ZF,0.12599439918994904,22.358107175044218,0.6206845154069384,outputs/fastmri256_tuning30_r8.csv
8,file_brain_AXT2_201_2010077.h5,CAPS,0.08430898934602737,24.507599711633176,0.6943727660532643,outputs/fastmri256_tuning30_r8.csv
8,file_brain_AXT2_201_2010077.h5,CG,0.057369593530893326,26.179521413661284,0.6978482675874486,outputs/fastmri256_tuning30_r8.csv
8,file_brain_AXT2_201_2010077.h5,LACS,0.05744007229804993,26.17419256865088,0.6360503934378695,outputs/fastmri256_tuning30_r8.csv
8,file_brain_AXT2_201_2010077.h5,NeRP,0.08441393077373505,24.502198232860643,0.5730121621442773,outputs/fastmri256_tuning30_r8.csv
8,file_brain_AXT2_201_2010077.h5,ZF,0.07099106907844543,25.25430226366257,0.6674653742805305,outputs/fastmri256_tuning30_r8.csv
8,file_brain_AXT2_201_2010089.h5,CAPS,0.08193818479776382,22.307093623825388,0.6583483020997302,outputs/fastmri256_tuning30_r8.csv
8,file_brain_AXT2_201_2010089.h5,CG,0.0822470411658287,22.290753734068467,0.6066366485683575,outputs/fastmri256_tuning30_r8.csv
8,file_brain_AXT2_201_2010089.h5,LACS,0.08198723942041397,22.30450205183647,0.549520274524689,outputs/fastmri256_tuning30_r8.csv
8,file_brain_AXT2_201_2010089.h5,NeRP,0.10090275853872299,21.402931201780035,0.5173060620760883,outputs/fastmri256_tuning30_r8.csv
8,file_brain_AXT2_201_2010089.h5,ZF,0.09807208925485611,21.526504780543885,0.5639757180570162,outputs/fastmri256_tuning30_r8.csv
8,file_brain_AXT2_201_2010553.h5,CAPS,0.1397686004638672,24.75189625262567,0.7074729444593466,outputs/fastmri256_tuning30_r8.csv
8,file_brain_AXT2_201_2010553.h5,CG,0.09711036086082458,26.333338208199322,0.7157234591432426,outputs/fastmri256_tuning30_r8.csv
8,file_brain_AXT2_201_2010553.h5,LACS,0.09729745239019394,26.32498118649989,0.6553348900951744,outputs/fastmri256_tuning30_r8.csv
8,file_brain_AXT2_201_2010553.h5,NeRP,0.1343413144350052,24.923898537822442,0.5896764617484311,outputs/fastmri256_tuning30_r8.csv
8,file_brain_AXT2_201_2010553.h5,ZF,0.1211472749710083,25.37285742349418,0.6817708933311994,outputs/fastmri256_tuning30_r8.csv
8,file_brain_AXT2_202_2020079.h5,CAPS,0.11042621731758118,24.147020607532323,0.650567210952577,outputs/fastmri256_tuning30_r8.csv
8,file_brain_AXT2_202_2020079.h5,CG,0.1049220934510231,24.36907147387653,0.5795641910219423,outputs/fastmri256_tuning30_r8.csv
8,file_brain_AXT2_202_2020079.h5,LACS,0.09995550662279129,24.579678516422028,0.5622297228979692,outputs/fastmri256_tuning30_r8.csv
8,file_brain_AXT2_202_2020079.h5,NeRP,0.10274272412061691,24.460236394545714,0.5084613751634977,outputs/fastmri256_tuning30_r8.csv
8,file_brain_AXT2_202_2020079.h5,ZF,0.1423959881067276,23.04276801549884,0.6018598230471488,outputs/fastmri256_tuning30_r8.csv
8,file_brain_AXT2_202_2020116.h5,CAPS,0.09928218275308609,24.078135364616763,0.6971572203025536,outputs/fastmri256_tuning30_r8.csv
8,file_brain_AXT2_202_2020116.h5,CG,0.08192488551139832,24.912696742772674,0.6530601602540329,outputs/fastmri256_tuning30_r8.csv
8,file_brain_AXT2_202_2020116.h5,LACS,0.07756328582763672,25.15029519288296,0.6282926238509434,outputs/fastmri256_tuning30_r8.csv
8,file_brain_AXT2_202_2020116.h5,NeRP,0.09684880822896957,24.185917539647413,0.5615635006278454,outputs/fastmri256_tuning30_r8.csv
8,file_brain_AXT2_202_2020116.h5,ZF,0.10153249651193619,23.980803385240428,0.6160054594881648,outputs/fastmri256_tuning30_r8.csv
8,file_brain_AXT2_202_2020419.h5,CAPS,0.0413065068423748,29.760360554390083,0.7463888741232206,outputs/fastmri256_tuning30_r8.csv
8,file_brain_AXT2_202_2020419.h5,CG,0.09776189923286438,26.018842091983526,0.637177953235552,outputs/fastmri256_tuning30_r8.csv
8,file_brain_AXT2_202_2020419.h5,LACS,0.09203390777111053,26.281066775326025,0.6024063322887979,outputs/fastmri256_tuning30_r8.csv
8,file_brain_AXT2_202_2020419.h5,NeRP,0.10091125220060349,25.881147758424788,0.5540673480999383,outputs/fastmri256_tuning30_r8.csv
8,file_brain_AXT2_202_2020419.h5,ZF,0.12835310399532318,24.836479568543215,0.6557411084508802,outputs/fastmri256_tuning30_r8.csv
8,file_brain_AXT2_203_2030111.h5,CAPS,0.06912314146757126,23.796524434031014,0.6864528018508679,outputs/fastmri256_tuning30_r8.csv
8,file_brain_AXT2_203_2030111.h5,CG,0.051986344158649445,25.033876719742967,0.6695352119284976,outputs/fastmri256_tuning30_r8.csv
8,file_brain_AXT2_203_2030111.h5,LACS,0.04911111295223236,25.280977462394468,0.6487363382076197,outputs/fastmri256_tuning30_r8.csv
8,file_brain_AXT2_203_2030111.h5,NeRP,0.05745905637741089,24.59919002694071,0.605972740044934,outputs/fastmri256_tuning30_r8.csv
8,file_brain_AXT2_203_2030111.h5,ZF,0.06777067482471466,23.882355428897256,0.6184967534190702,outputs/fastmri256_tuning30_r8.csv
8,file_brain_AXT2_203_2030145.h5,CAPS,0.07457436621189117,24.148878962586856,0.7324205282536687,outputs/fastmri256_tuning30_r8.csv
8,file_brain_AXT2_203_2030145.h5,CG,0.07590128481388092,24.072290441608924,0.674310048330573,outputs/fastmri256_tuning30_r8.csv
8,file_brain_AXT2_203_2030145.h5,LACS,0.07201628386974335,24.300481407647297,0.6699556298767531,outputs/fastmri256_tuning30_r8.csv
8,file_brain_AXT2_203_2030145.h5,NeRP,0.10624276846647263,22.611792184474186,0.5736778451509921,outputs/fastmri256_tuning30_r8.csv
8,file_brain_AXT2_203_2030145.h5,ZF,0.08921317756175995,23.370493940793196,0.6397150508202183,outputs/fastmri256_tuning30_r8.csv
8,file_brain_AXT2_203_2030401.h5,CAPS,0.045048248022794724,23.146908745784067,0.7048454413180057,outputs/fastmri256_tuning30_r8.csv
8,file_brain_AXT2_203_2030401.h5,CG,0.053050097078084946,22.436825681668132,0.646736314003944,outputs/fastmri256_tuning30_r8.csv
8,file_brain_AXT2_203_2030401.h5,LACS,0.054208818823099136,22.342991473574095,0.6169442274881566,outputs/fastmri256_tuning30_r8.csv
8,file_brain_AXT2_203_2030401.h5,NeRP,0.08192678540945053,20.549438153971302,0.5385735657152768,outputs/fastmri256_tuning30_r8.csv
8,file_brain_AXT2_203_2030401.h5,ZF,0.06459692120552063,21.58157038705118,0.6002759148780077,outputs/fastmri256_tuning30_r8.csv
8,file_brain_AXT2_204_2040005.h5,CAPS,0.10179392993450165,21.931073232261234,0.6935067812481318,outputs/fastmri256_tuning30_r8.csv
8,file_brain_AXT2_204_2040005.h5,CG,0.09615147858858109,22.17873305978303,0.6407181568576783,outputs/fastmri256_tuning30_r8.csv
8,file_brain_AXT2_204_2040005.h5,LACS,0.09445247054100037,22.256166529491367,0.5861350367240433,outputs/fastmri256_tuning30_r8.csv
8,file_brain_AXT2_204_2040005.h5,NeRP,0.12006966769695282,21.21396254833649,0.5432441466709483,outputs/fastmri256_tuning30_r8.csv
8,file_brain_AXT2_204_2040005.h5,ZF,0.11302728205919266,21.476465111358635,0.5996940879529336,outputs/fastmri256_tuning30_r8.csv
8,file_brain_AXT2_204_2040043.h5,CAPS,0.11221667379140854,21.584878323470274,0.609415500401677,outputs/fastmri256_tuning30_r8.csv
8,file_brain_AXT2_204_2040043.h5,CG,0.10237044841051102,21.98370458455699,0.605793798418433,outputs/fastmri256_tuning30_r8.csv
8,file_brain_AXT2_204_2040043.h5,LACS,0.10368962585926056,21.9281024674656,0.5533772024399507,outputs/fastmri256_tuning30_r8.csv
8,file_brain_AXT2_204_2040043.h5,NeRP,0.15572234988212585,20.161948611209056,0.4539714573161484,outputs/fastmri256_tuning30_r8.csv
8,file_brain_AXT2_204_2040043.h5,ZF,0.11483380198478699,21.48475729583671,0.5716279998760289,outputs/fastmri256_tuning30_r8.csv
8,file_brain_AXT2_204_2040073.h5,CAPS,0.09702887386083603,21.033548869038054,0.665364801741654,outputs/fastmri256_tuning30_r8.csv
8,file_brain_AXT2_204_2040073.h5,CG,0.09523093700408936,21.11477662091147,0.6280107895511637,outputs/fastmri256_tuning30_r8.csv
8,file_brain_AXT2_204_2040073.h5,LACS,0.0916949138045311,21.27911084952395,0.5923313522103,outputs/fastmri256_tuning30_r8.csv
8,file_brain_AXT2_204_2040073.h5,NeRP,0.11415290832519531,20.32769453971683,0.5407796398963141,outputs/fastmri256_tuning30_r8.csv
8,file_brain_AXT2_204_2040073.h5,ZF,0.11315210908651352,20.36593441217451,0.5872015777124728,outputs/fastmri256_tuning30_r8.csv
8,file_brain_AXT2_205_2050022.h5,CAPS,0.053559809923172,25.56945376521788,0.6363564393869239,outputs/fastmri256_tuning30_r8.csv
8,file_brain_AXT2_205_2050022.h5,CG,0.06693550944328308,24.60127661935325,0.598728876499026,outputs/fastmri256_tuning30_r8.csv
8,file_brain_AXT2_205_2050022.h5,LACS,0.06437557935714722,24.770631931712046,0.5655684328027352,outputs/fastmri256_tuning30_r8.csv
8,file_brain_AXT2_205_2050022.h5,NeRP,0.06418722867965698,24.783359992692095,0.5256224312783682,outputs/fastmri256_tuning30_r8.csv
8,file_brain_AXT2_205_2050022.h5,ZF,0.09915687888860703,22.894616794112114,0.5837804680376848,outputs/fastmri256_tuning30_r8.csv
8,file_brain_AXT2_205_6000027.h5,CAPS,0.07979213446378708,26.79510187902157,0.7497682766909926,outputs/fastmri256_tuning30_r8.csv
8,file_brain_AXT2_205_6000027.h5,CG,0.09212140738964081,26.17109794111051,0.6883447147678939,outputs/fastmri256_tuning30_r8.csv
8,file_brain_AXT2_205_6000027.h5,LACS,0.0877988263964653,26.379820978995756,0.6338415937718929,outputs/fastmri256_tuning30_r8.csv
8,file_brain_AXT2_205_6000027.h5,NeRP,0.11310631036758423,25.27983894668182,0.5790549652291652,outputs/fastmri256_tuning30_r8.csv
8,file_brain_AXT2_205_6000027.h5,ZF,0.11364049464464188,25.259374458090203,0.6820338457807626,outputs/fastmri256_tuning30_r8.csv
8,file_brain_AXT2_207_2070289.h5,CAPS,0.07299301028251648,26.00704164342816,0.7396349915708045,outputs/fastmri256_tuning30_r8.csv
8,file_brain_AXT2_207_2070289.h5,CG,0.1088576391339302,24.271270656902182,0.6444214048832222,outputs/fastmri256_tuning30_r8.csv
8,file_brain_AXT2_207_2070289.h5,LACS,0.10102623701095581,24.595523686229672,0.6153996161649513,outputs/fastmri256_tuning30_r8.csv
8,file_brain_AXT2_207_2070289.h5,NeRP,0.12775981426239014,23.575919279337626,0.591123280811386,outputs/fastmri256_tuning30_r8.csv
8,file_brain_AXT2_207_2070289.h5,ZF,0.12305215746164322,23.7389688089381,0.616549932815161,outputs/fastmri256_tuning30_r8.csv
8,file_brain_AXT2_207_2070356.h5,CAPS,0.07452667504549026,24.43998989032231,0.6815703998867084,outputs/fastmri256_tuning30_r8.csv
8,file_brain_AXT2_207_2070356.h5,CG,0.10471776872873306,22.96290574598528,0.5917687497294153,outputs/fastmri256_tuning30_r8.csv
8,file_brain_AXT2_207_2070356.h5,LACS,0.09244070947170258,23.504482256518067,0.5958989667632466,outputs/fastmri256_tuning30_r8.csv
8,file_brain_AXT2_207_2070356.h5,NeRP,0.10647639632225037,22.890581246041116,0.5726363128349856,outputs/fastmri256_tuning30_r8.csv
8,file_brain_AXT2_207_2070356.h5,ZF,0.12818759679794312,22.0846526514315,0.5802859133582781,outputs/fastmri256_tuning30_r8.csv
8,file_brain_AXT2_207_2070712.h5,CAPS,0.057067807763814926,25.98590620237161,0.7634226851447892,outputs/fastmri256_tuning30_r8.csv
8,file_brain_AXT2_207_2070712.h5,CG,0.10401662439107895,23.378793686352132,0.6147405368695225,outputs/fastmri256_tuning30_r8.csv
8,file_brain_AXT2_207_2070712.h5,LACS,0.08712432533502579,24.148432064267453,0.6229456775278288,outputs/fastmri256_tuning30_r8.csv
8,file_brain_AXT2_207_2070712.h5,NeRP,0.10745732486248016,23.237465424005176,0.5945259523622303,outputs/fastmri256_tuning30_r8.csv
8,file_brain_AXT2_207_2070712.h5,ZF,0.12553252279758453,22.562261964945826,0.6169386453485923,outputs/fastmri256_tuning30_r8.csv
8,file_brain_AXT2_208_2080011.h5,CAPS,0.04225187748670578,26.945039713523148,0.771557416020832,outputs/fastmri256_tuning30_r8.csv
8,file_brain_AXT2_208_2080011.h5,CG,0.08232547342777252,24.04816009917137,0.6449096724578809,outputs/fastmri256_tuning30_r8.csv
8,file_brain_AXT2_208_2080011.h5,LACS,0.06764765828847885,24.900983456439185,0.6326413676046587,outputs/fastmri256_tuning30_r8.csv
8,file_brain_AXT2_208_2080011.h5,NeRP,0.07834702730178833,24.26328568528186,0.5952041863145836,outputs/fastmri256_tuning30_r8.csv
8,file_brain_AXT2_208_2080011.h5,ZF,0.10552820563316345,22.969826291886562,0.6026924703532603,outputs/fastmri256_tuning30_r8.csv
8,file_brain_AXT2_208_2080711.h5,CAPS,0.09081348776817322,23.50478668836354,0.6758025001764711,outputs/fastmri256_tuning30_r8.csv
8,file_brain_AXT2_208_2080711.h5,CG,0.12314557284116745,22.182103391856476,0.5941731554937234,outputs/fastmri256_tuning30_r8.csv
8,file_brain_AXT2_208_2080711.h5,LACS,0.1114046573638916,22.617265316300887,0.5793024505187061,outputs/fastmri256_tuning30_r8.csv
8,file_brain_AXT2_208_2080711.h5,NeRP,0.1468735635280609,21.416857922306512,0.535735055957841,outputs/fastmri256_tuning30_r8.csv
8,file_brain_AXT2_208_2080711.h5,ZF,0.13721682131290436,21.712222605489938,0.5786539207511641,outputs/fastmri256_tuning30_r8.csv
8,file_brain_AXT2_209_2090109.h5,CAPS,0.10646408051252365,21.9904744675843,0.6705026786805088,outputs/fastmri256_tuning30_r8.csv
8,file_brain_AXT2_209_2090109.h5,CG,0.08787380158901215,22.823914300116375,0.6416991997379031,outputs/fastmri256_tuning30_r8.csv
8,file_brain_AXT2_209_2090109.h5,LACS,0.08596343547105789,22.919373264580756,0.6109764789784776,outputs/fastmri256_tuning30_r8.csv
8,file_brain_AXT2_209_2090109.h5,NeRP,0.1183922067284584,21.529282192563652,0.5612440954580198,outputs/fastmri256_tuning30_r8.csv
8,file_brain_AXT2_209_2090109.h5,ZF,0.1227954626083374,21.370685910052188,0.5930033515066179,outputs/fastmri256_tuning30_r8.csv
8,file_brain_AXT2_209_2090122.h5,CAPS,0.1706802099943161,23.162673345254355,0.6248055805873787,outputs/fastmri256_tuning30_r8.csv
8,file_brain_AXT2_209_2090122.h5,CG,0.13357913494110107,24.227114767301167,0.6434556991038409,outputs/fastmri256_tuning30_r8.csv
8,file_brain_AXT2_209_2090122.h5,LACS,0.13623389601707458,24.141653686338955,0.5909658736912039,outputs/fastmri256_tuning30_r8.csv
8,file_brain_AXT2_209_2090122.h5,NeRP,0.1874447762966156,22.75577335214276,0.5068979902451687,outputs/fastmri256_tuning30_r8.csv
8,file_brain_AXT2_209_2090122.h5,ZF,0.14157044887542725,23.974777965360666,0.6294943037628076,outputs/fastmri256_tuning30_r8.csv
8,file_brain_AXT2_209_2090239.h5,CAPS,0.08829512447118759,24.07836536195863,0.6978535017078437,outputs/fastmri256_tuning30_r8.csv
8,file_brain_AXT2_209_2090239.h5,CG,0.07268865406513214,24.923068834422956,0.6776065497299633,outputs/fastmri256_tuning30_r8.csv
8,file_brain_AXT2_209_2090239.h5,LACS,0.07472813874483109,24.802895209849535,0.6366821213432996,outputs/fastmri256_tuning30_r8.csv
8,file_brain_AXT2_209_2090239.h5,NeRP,0.12225199490785599,22.66517690078837,0.5413283440816298,outputs/fastmri256_tuning30_r8.csv
8,file_brain_AXT2_209_2090239.h5,ZF,0.10912203788757324,23.158610651503007,0.6427848777634589,outputs/fastmri256_tuning30_r8.csv
8,file_brain_AXT2_209_2090388.h5,CAPS,0.08024054020643234,23.40834112819573,0.7126467097968148,outputs/fastmri256_tuning30_r8.csv
8,file_brain_AXT2_209_2090388.h5,CG,0.07993427664041519,23.42495050182516,0.6665195409575191,outputs/fastmri256_tuning30_r8.csv
8,file_brain_AXT2_209_2090388.h5,LACS,0.07715632766485214,23.578565367039864,0.6264660537170156,outputs/fastmri256_tuning30_r8.csv
8,file_brain_AXT2_209_2090388.h5,NeRP,0.09446854144334793,22.69941281917841,0.5756469145814052,outputs/fastmri256_tuning30_r8.csv
8,file_brain_AXT2_209_2090388.h5,ZF,0.10452359914779663,22.260142542971273,0.6264210262862037,outputs/fastmri256_tuning30_r8.csv
8,file_brain_AXT2_209_6001087.h5,CAPS,0.09430968016386032,23.977680837178102,0.6714280512279374,outputs/fastmri256_tuning30_r8.csv
8,file_brain_AXT2_209_6001087.h5,CG,0.07895880937576294,24.749240636795196,0.6471296436188111,outputs/fastmri256_tuning30_r8.csv
8,file_brain_AXT2_209_6001087.h5,LACS,0.08062277734279633,24.658674967300964,0.6121491957273888,outputs/fastmri256_tuning30_r8.csv
8,file_brain_AXT2_209_6001087.h5,NeRP,0.11780411750078201,23.011642891689732,0.550416514761558,outputs/fastmri256_tuning30_r8.csv
8,file_brain_AXT2_209_6001087.h5,ZF,0.10292311757802963,23.598118572239315,0.6293172242050853,outputs/fastmri256_tuning30_r8.csv
8,file_brain_AXT2_200_2000080.h5,Shamaei E2E-VarNet,0.026594560593366623,27.311647377442917,0.8524698277971364,outputs/shamaei_fastmri256_zfl2_tuning30_r8.csv
8,file_brain_AXT2_200_2000288.h5,Shamaei E2E-VarNet,0.020311767235398293,29.901108900494464,0.8956274206343939,outputs/shamaei_fastmri256_zfl2_tuning30_r8.csv
8,file_brain_AXT2_200_2000537.h5,Shamaei E2E-VarNet,0.03329836577177048,26.468691579866412,0.8254301003760662,outputs/shamaei_fastmri256_zfl2_tuning30_r8.csv
8,file_brain_AXT2_200_2000585.h5,Shamaei E2E-VarNet,0.022980451583862305,29.7211447646721,0.8737244126698038,outputs/shamaei_fastmri256_zfl2_tuning30_r8.csv
8,file_brain_AXT2_200_6002228.h5,Shamaei E2E-VarNet,0.025314893573522568,30.75954755454697,0.900859781318334,outputs/shamaei_fastmri256_zfl2_tuning30_r8.csv
8,file_brain_AXT2_200_6002610.h5,Shamaei E2E-VarNet,0.022642314434051514,29.81240687179721,0.8976212005908724,outputs/shamaei_fastmri256_zfl2_tuning30_r8.csv
8,file_brain_AXT2_201_2010077.h5,Shamaei E2E-VarNet,0.02423064596951008,29.92268452522444,0.8668845450236302,outputs/shamaei_fastmri256_zfl2_tuning30_r8.csv
8,file_brain_AXT2_201_2010089.h5,Shamaei E2E-VarNet,0.03353973105549812,26.18636345558682,0.8072758186732759,outputs/shamaei_fastmri256_zfl2_tuning30_r8.csv
8,file_brain_AXT2_201_2010553.h5,Shamaei E2E-VarNet,0.028222987428307533,31.69995902201927,0.8960677367660075,outputs/shamaei_fastmri256_zfl2_tuning30_r8.csv
8,file_brain_AXT2_202_2020079.h5,Shamaei E2E-VarNet,0.04055880755186081,28.496882813905135,0.8028507012164922,outputs/shamaei_fastmri256_zfl2_tuning30_r8.csv
8,file_brain_AXT2_202_2020116.h5,Shamaei E2E-VarNet,0.038822855800390244,28.15597719582997,0.8284385140161462,outputs/shamaei_fastmri256_zfl2_tuning30_r8.csv
8,file_brain_AXT2_202_2020419.h5,Shamaei E2E-VarNet,0.028604906052350998,31.356134171594302,0.8923016132601523,outputs/shamaei_fastmri256_zfl2_tuning30_r8.csv
8,file_brain_AXT2_203_2030111.h5,Shamaei E2E-VarNet,0.027431486174464226,27.810276453684082,0.7781297626053323,outputs/shamaei_fastmri256_zfl2_tuning30_r8.csv
8,file_brain_AXT2_203_2030145.h5,Shamaei E2E-VarNet,0.01925092376768589,30.030272305948223,0.8791080294714667,outputs/shamaei_fastmri256_zfl2_tuning30_r8.csv
8,file_brain_AXT2_203_2030401.h5,Shamaei E2E-VarNet,0.017762979492545128,27.18852616451644,0.8357090925353606,outputs/shamaei_fastmri256_zfl2_tuning30_r8.csv
8,file_brain_AXT2_204_2040005.h5,Shamaei E2E-VarNet,0.02445187419652939,28.12515997992294,0.8807578910496745,outputs/shamaei_fastmri256_zfl2_tuning30_r8.csv
8,file_brain_AXT2_204_2040043.h5,Shamaei E2E-VarNet,0.039413634687662125,26.128987421197017,0.7994390698284457,outputs/shamaei_fastmri256_zfl2_tuning30_r8.csv
8,file_brain_AXT2_204_2040073.h5,Shamaei E2E-VarNet,0.02167871594429016,27.542217988413636,0.8845018271063865,outputs/shamaei_fastmri256_zfl2_tuning30_r8.csv
8,file_brain_AXT2_205_2050022.h5,Shamaei E2E-VarNet,0.03410438448190689,27.529733030291933,0.7922199949109229,outputs/shamaei_fastmri256_zfl2_tuning30_r8.csv
8,file_brain_AXT2_205_6000027.h5,Shamaei E2E-VarNet,0.028483424335718155,31.268775812223495,0.8981770344668845,outputs/shamaei_fastmri256_zfl2_tuning30_r8.csv
8,file_brain_AXT2_207_2070289.h5,Shamaei E2E-VarNet,0.02837858535349369,30.10995362483814,0.8848845227414985,outputs/shamaei_fastmri256_zfl2_tuning30_r8.csv
8,file_brain_AXT2_207_2070356.h5,Shamaei E2E-VarNet,0.028045207262039185,28.684520923009092,0.8680863979759248,outputs/shamaei_fastmri256_zfl2_tuning30_r8.csv
8,file_brain_AXT2_207_2070712.h5,Shamaei E2E-VarNet,0.021655326709151268,30.19417034301665,0.8997880050988172,outputs/shamaei_fastmri256_zfl2_tuning30_r8.csv
8,file_brain_AXT2_208_2080011.h5,Shamaei E2E-VarNet,0.020010245963931084,30.190981039514245,0.8735130571720111,outputs/shamaei_fastmri256_zfl2_tuning30_r8.csv
8,file_brain_AXT2_208_2080711.h5,Shamaei E2E-VarNet,0.032789524644613266,27.92893603431141,0.8607083871026504,outputs/shamaei_fastmri256_zfl2_tuning30_r8.csv
8,file_brain_AXT2_209_2090109.h5,Shamaei E2E-VarNet,0.028860902413725853,27.659404004977766,0.8590793415864766,outputs/shamaei_fastmri256_zfl2_tuning30_r8.csv
8,file_brain_AXT2_209_2090122.h5,Shamaei E2E-VarNet,0.04951177164912224,28.537414786551047,0.8305497926056353,outputs/shamaei_fastmri256_zfl2_tuning30_r8.csv
8,file_brain_AXT2_209_2090239.h5,Shamaei E2E-VarNet,0.025782030075788498,29.42456110151706,0.8751446203091781,outputs/shamaei_fastmri256_zfl2_tuning30_r8.csv
8,file_brain_AXT2_209_2090388.h5,Shamaei E2E-VarNet,0.02213730290532112,29.001025660646498,0.872429529937738,outputs/shamaei_fastmri256_zfl2_tuning30_r8.csv
8,file_brain_AXT2_209_6001087.h5,Shamaei E2E-VarNet,0.023739060387015343,29.96860928872419,0.8669969050290554,outputs/shamaei_fastmri256_zfl2_tuning30_r8.csv
