acceleration,method,n_volumes,nmse_mean,nmse_std,psnr_mean,psnr_std,ssim_mean,ssim_std
4,ZF,30,0.05039061978459358,0.010889253697352538,26.311877930520108,1.3664628828196692,0.748689900272726,0.027113291875121955
4,CG,30,0.036504364510377245,0.011040998979433843,27.80190684054122,1.5588255017213386,0.7515788102253899,0.046275875202550214
4,LACS,30,0.0319828520839413,0.009450522786255239,28.377314118695406,1.5448068928706762,0.741703332460036,0.04242215089069114
4,NeRP,30,0.03869796004146338,0.011576915258922984,27.553378655363154,1.298483887082823,0.7018950014410533,0.03903419878343381
4,CAPS,30,0.025085263854513564,0.019825578071930722,30.03622421386765,2.4635219858478368,0.8163475366115844,0.04365428074633376
4,Shamaei E2E-VarNet,30,0.010299637649829189,0.0026916743029366742,33.25123062449059,1.3582834043663266,0.918657973034026,0.024853367352330666
8,ZF,30,0.10932423124710719,0.019629107123609355,22.931510371921583,1.278182514241943,0.6178219421681297,0.031216528412425244
8,CG,30,0.08818930648267269,0.019553183269856982,23.90098923570749,1.4469210199224627,0.645980288999485,0.03780725011190839
8,LACS,30,0.08471190246442954,0.019116947146938987,24.07816890242243,1.4838160985596358,0.6105905138858009,0.03754689583514436
8,NeRP,30,0.11060051458577315,0.029006977232140806,22.959651080673805,1.6886369771886274,0.5543059845435854,0.04267504397241734
8,CAPS,30,0.08931664147724708,0.03670684820429748,24.079843578490742,2.182789922809038,0.6925490521266523,0.05047978296196559
8,Shamaei E2E-VarNet,30,0.027953655583163102,0.00711916405260777,28.903869139876132,1.5198333722947892,0.8592924977958589,0.03529549459438146
