fname,method,acceleration,grid,adaptation,num_slices,sampling_fraction,acs_lines,espirit_crop,espirit_runtime_sec,runtime_sec,nmse,psnr,ssim,max_value_256,calibration_scale_mean,calibration_scale_std,checkpoint_epoch,checkpoint_val_ssim,output_calibration
file_brain_AXT2_200_2000080.h5,shamaei_e2e_varnet,4,256x256,image_crop_256,16,0.26953125,20,0.0,146.38527250289917,1.7873752117156982,0.007125708740204573,33.0313064092533,0.9350549000382284,0.0008059637621045113,0.0493119303137064,0.008996150281137183,96,0.8854345798550803,zf_rss_l2_norm_match
file_brain_AXT2_200_2000288.h5,shamaei_e2e_varnet,4,256x256,image_crop_256,16,0.29296875,20,0.0,150.79255628585815,0.6709244251251221,0.007552554830908775,34.19765218405153,0.9456268149494224,0.0008077928214333951,0.043604724342003465,0.004748367152802014,96,0.8854345798550803,zf_rss_l2_norm_match
file_brain_AXT2_200_2000537.h5,shamaei_e2e_varnet,4,256x256,image_crop_256,16,0.21875,20,0.0,157.36974573135376,0.6756846904754639,0.010271587409079075,31.57655444287299,0.9110288062724557,0.0005793478921987116,0.047941917553544044,0.007932250114462108,96,0.8854345798550803,zf_rss_l2_norm_match
file_brain_AXT2_200_2000585.h5,shamaei_e2e_varnet,4,256x256,image_crop_256,16,0.2890625,20,0.0,146.07494163513184,0.6833493709564209,0.009156289510428905,33.717533916071616,0.9271815242066159,0.0005624265759252012,0.04387688566930592,0.004072895202224434,96,0.8854345798550803,zf_rss_l2_norm_match
file_brain_AXT2_200_6002228.h5,shamaei_e2e_varnet,4,256x256,image_crop_256,16,0.27734375,20,0.0,149.32044172286987,0.6814329624176025,0.009098118171095848,35.20380006329852,0.9479561990008354,0.0006819142727181315,0.04358723165933043,0.006512871391973333,96,0.8854345798550803,zf_rss_l2_norm_match
file_brain_AXT2_200_6002610.h5,shamaei_e2e_varnet,4,256x256,image_crop_256,16,0.23046875,20,0.0,208.91213989257812,0.6942586898803711,0.007673030253499746,34.51195107465637,0.9431045719395206,0.0006794366636313498,0.03898354177363217,0.0043877417791519996,96,0.8854345798550803,zf_rss_l2_norm_match
file_brain_AXT2_201_2010077.h5,shamaei_e2e_varnet,4,256x256,image_crop_256,16,0.234375,20,0.0,151.0906846523285,0.6803374290466309,0.008827853947877884,34.307788680586235,0.9318090013172087,0.0005854652845300734,0.043436432955786586,0.00503037152395197,96,0.8854345798550803,zf_rss_l2_norm_match
file_brain_AXT2_201_2010089.h5,shamaei_e2e_varnet,4,256x256,image_crop_256,16,0.20703125,20,0.0,213.9893982410431,0.6894104480743408,0.010159376077353954,31.373291594833617,0.901458564687383,0.0005778780905529857,0.04907497554086149,0.008145028224641384,96,0.8854345798550803,zf_rss_l2_norm_match
file_brain_AXT2_201_2010553.h5,shamaei_e2e_varnet,4,256x256,image_crop_256,16,0.2578125,20,0.0,207.75567531585693,0.6926312446594238,0.010085047222673893,36.169211313958186,0.9464487037291359,0.0008317273459397256,0.04094644193537533,0.004710843423831777,96,0.8854345798550803,zf_rss_l2_norm_match
file_brain_AXT2_202_2020079.h5,shamaei_e2e_varnet,4,256x256,image_crop_256,16,0.2265625,20,0.0,189.83577919006348,0.6837360858917236,0.01599029265344143,32.53918055865517,0.8621164736411869,0.0009274911717511714,0.03646370396018028,0.004400628031487695,96,0.8854345798550803,zf_rss_l2_norm_match
file_brain_AXT2_202_2020116.h5,shamaei_e2e_varnet,4,256x256,image_crop_256,16,0.25,20,0.0,72.79109263420105,0.6807377338409424,0.010392955504357815,33.87946729681882,0.9175281111159921,0.0010174192721024156,0.047045032726600766,0.007774163439445951,96,0.8854345798550803,zf_rss_l2_norm_match
file_brain_AXT2_202_2020419.h5,shamaei_e2e_varnet,4,256x256,image_crop_256,16,0.234375,20,0.0,130.6816122531891,0.6813292503356934,0.017258942127227783,33.55039842246305,0.9109866748922915,0.0009418961126357317,0.039513178868219256,0.003939694907010438,96,0.8854345798550803,zf_rss_l2_norm_match
file_brain_AXT2_203_2030111.h5,shamaei_e2e_varnet,4,256x256,image_crop_256,16,0.23828125,20,0.0,17.52496647834778,0.6677553653717041,0.014929132536053658,30.45242417411577,0.8443187959280765,0.0005174323450773954,0.04427434375975281,0.009500245098083544,96,0.8854345798550803,zf_rss_l2_norm_match
file_brain_AXT2_203_2030145.h5,shamaei_e2e_varnet,4,256x256,image_crop_256,16,0.30859375,20,0.0,16.82591962814331,0.6664814949035645,0.0063509829342365265,34.84637964651745,0.9339867800443917,0.0006899415166117251,0.04466572613455355,0.00851456781994356,96,0.8854345798550803,zf_rss_l2_norm_match
file_brain_AXT2_203_2030401.h5,shamaei_e2e_varnet,4,256x256,image_crop_256,16,0.26171875,20,0.0,16.729573965072632,0.665579080581665,0.007118734531104565,31.159659356955306,0.898864372515862,0.0005708764656446874,0.05074269080068916,0.010702809860118354,96,0.8854345798550803,zf_rss_l2_norm_match
file_brain_AXT2_204_2040005.h5,shamaei_e2e_varnet,4,256x256,image_crop_256,16,0.24609375,20,0.0,144.7354600429535,0.6800942420959473,0.006980783771723509,33.56925088476075,0.9437730349124349,0.0006809495971538126,0.050511875888332725,0.008007526062763835,96,0.8854345798550803,zf_rss_l2_norm_match
file_brain_AXT2_204_2040043.h5,shamaei_e2e_varnet,4,256x256,image_crop_256,16,0.22265625,20,0.0,154.79552054405212,0.6826765537261963,0.011907428503036499,31.327274191379175,0.8945375891315467,0.0005884183337911963,0.04486299282871187,0.007623543324237855,96,0.8854345798550803,zf_rss_l2_norm_match
file_brain_AXT2_204_2040073.h5,shamaei_e2e_varnet,4,256x256,image_crop_256,16,0.27734375,20,0.0,147.7756586074829,0.6808891296386719,0.007748035714030266,32.01064087989186,0.9346065732955484,0.0006355542573146522,0.04846911644563079,0.007204664007066674,96,0.8854345798550803,zf_rss_l2_norm_match
file_brain_AXT2_205_2050022.h5,shamaei_e2e_varnet,4,256x256,image_crop_256,16,0.28125,20,0.0,231.59351754188538,0.6949272155761719,0.014322196133434772,31.297746939507704,0.8651829808455072,0.0007925914251245558,0.046035027015022933,0.01443328411117095,96,0.8854345798550803,zf_rss_l2_norm_match
file_brain_AXT2_205_6000027.h5,shamaei_e2e_varnet,4,256x256,image_crop_256,16,0.23828125,20,0.0,138.04269886016846,0.6777429580688477,0.013503450900316238,34.51025372600759,0.9338510260850041,0.0011069384636357427,0.04027061350643635,0.00307910974607734,96,0.8854345798550803,zf_rss_l2_norm_match
file_brain_AXT2_207_2070289.h5,shamaei_e2e_varnet,4,256x256,image_crop_256,14,0.23828125,20,0.0,13.781378269195557,0.5796160697937012,0.010571025311946869,34.39869179390771,0.9306140522577764,0.0010126341367140412,0.04130026990813868,0.003950193165491899,96,0.8854345798550803,zf_rss_l2_norm_match
file_brain_AXT2_207_2070356.h5,shamaei_e2e_varnet,4,256x256,image_crop_256,16,0.2890625,20,0.0,16.14531135559082,0.6629152297973633,0.009854150004684925,33.226922741822165,0.9245067966040019,0.0008295249426737428,0.04510972532443702,0.004858243785910422,96,0.8854345798550803,zf_rss_l2_norm_match
file_brain_AXT2_207_2070712.h5,shamaei_e2e_varnet,4,256x256,image_crop_256,16,0.25,20,0.0,15.372618198394775,0.6608710289001465,0.010455474257469177,33.35638460512318,0.92560138407803,0.0008245721692219377,0.03898400312755257,0.004644269534353469,96,0.8854345798550803,zf_rss_l2_norm_match
file_brain_AXT2_208_2080011.h5,shamaei_e2e_varnet,4,256x256,image_crop_256,16,0.25390625,20,0.0,15.988962888717651,0.6666185855865479,0.009051308035850525,33.63639293698459,0.9145943495794013,0.0008243003976531327,0.04115684411954135,0.011365266272816957,96,0.8854345798550803,zf_rss_l2_norm_match
file_brain_AXT2_208_2080711.h5,shamaei_e2e_varnet,4,256x256,image_crop_256,16,0.26953125,20,0.0,17.451927185058594,0.6630427837371826,0.00948474369943142,33.316039543989575,0.9255329095195383,0.0007923743687570095,0.03899489634204656,0.004312323672894686,96,0.8854345798550803,zf_rss_l2_norm_match
file_brain_AXT2_209_2090109.h5,shamaei_e2e_varnet,4,256x256,image_crop_256,16,0.25,20,0.0,122.12153148651123,0.6824767589569092,0.010992251336574554,31.851636704183605,0.9206596440246808,0.0004943629028275609,0.04411029792390764,0.00425419214261654,96,0.8854345798550803,zf_rss_l2_norm_match
file_brain_AXT2_209_2090122.h5,shamaei_e2e_varnet,4,256x256,image_crop_256,16,0.234375,20,0.0,146.99961137771606,0.680774450302124,0.011430948041379452,34.90368224336007,0.9333015326948613,0.0005670847021974623,0.042829207610338926,0.00516722625938061,96,0.8854345798550803,zf_rss_l2_norm_match
file_brain_AXT2_209_2090239.h5,shamaei_e2e_varnet,4,256x256,image_crop_256,16,0.25390625,20,0.0,144.5291030406952,0.6802611351013184,0.010772372595965862,33.21462329969594,0.9238752448656019,0.0005294729489833117,0.04214150854386389,0.002471101144612905,96,0.8854345798550803,zf_rss_l2_norm_match
file_brain_AXT2_209_2090388.h5,shamaei_e2e_varnet,4,256x256,image_crop_256,16,0.27734375,20,0.0,116.29127979278564,0.6900982856750488,0.007888708263635635,33.48222556532328,0.9255145234598666,0.0005014390917494893,0.04486466175876558,0.0037265816922902625,96,0.8854345798550803,zf_rss_l2_norm_match
file_brain_AXT2_209_6001087.h5,shamaei_e2e_varnet,4,256x256,image_crop_256,16,0.23828125,20,0.0,118.64787554740906,0.6740953922271729,0.012035646475851536,32.918553543672445,0.9061172553883658,0.00048808654537424445,0.04659877251833677,0.004223002171857238,96,0.8854345798550803,zf_rss_l2_norm_match
