acceleration,method,display_name,num_volumes,nmse_mean,nmse_std,psnr_mean,psnr_std,ssim_mean,ssim_std,std_ddof
4,zf,ZF,30,0.05039061978459358,0.010889253697352538,26.311877930520108,1.3664628828196692,0.748689900272726,0.027113291875121955,0
4,cg,CG,30,0.036504364510377245,0.011040998979433843,27.80190684054122,1.5588255017213386,0.7515788102253899,0.046275875202550214,0
4,lacs,LACS,30,0.0319828520839413,0.009450522786255239,28.377314118695406,1.5448068928706762,0.741703332460036,0.04242215089069114,0
4,nerp,NeRP,30,0.03869796004146338,0.011576915258922984,27.553378655363154,1.298483887082823,0.7018950014410533,0.03903419878343381,0
4,caps,CAPS,30,0.025085263854513564,0.019825578071930722,30.03622421386765,2.4635219858478368,0.8163475366115844,0.04365428074633376,0
4,shamaei_e2e_varnet,Shamaei E2E-VarNet,30,1.1473303787410258,1.4607846446381414,14.981573890283014,4.375259078030239,0.4806353712911892,0.19707263843089987,0
8,zf,ZF,30,0.10932423124710719,0.019629107123609355,22.931510371921583,1.278182514241943,0.6178219421681297,0.031216528412425244,0
8,cg,CG,30,0.08818930648267269,0.019553183269856982,23.90098923570749,1.4469210199224627,0.645980288999485,0.03780725011190839,0
8,lacs,LACS,30,0.08471190246442954,0.019116947146938987,24.07816890242243,1.4838160985596358,0.6105905138858009,0.03754689583514436,0
8,nerp,NeRP,30,0.11060051458577315,0.029006977232140806,22.959651080673805,1.6886369771886274,0.5543059845435854,0.04267504397241734,0
8,caps,CAPS,30,0.08931664147724708,0.03670684820429748,24.079843578490742,2.182789922809038,0.6925490521266523,0.05047978296196559,0
8,shamaei_e2e_varnet,Shamaei E2E-VarNet,30,5.811684960747758,10.447259951978353,11.673271179520064,7.562525137894505,0.4462080456755005,0.20081915276343112,0
