acceleration,comparison,baseline,delta_nmse_mean,delta_psnr_mean,delta_ssim_mean,nmse_wins,psnr_wins,ssim_wins,num_volumes
4,shamaei_e2e_varnet_vs_zf,zf,1.0969397589564323,-11.330304040237088,-0.2680545289815367,1,1,4,30
4,shamaei_e2e_varnet_vs_cg,cg,1.1108260142306488,-12.8203329502582,-0.2709434389342008,1,1,5,30
4,shamaei_e2e_varnet_vs_lacs,lacs,1.1153475266570847,-13.395740228412388,-0.2610679611688468,0,0,4,30
4,shamaei_e2e_varnet_vs_nerp,nerp,1.1086324186995626,-12.571804765080136,-0.22125963014986416,1,1,6,30
4,shamaei_e2e_varnet_vs_caps,caps,1.1222451148865125,-15.054650323584635,-0.3357121653203951,0,0,2,30
8,shamaei_e2e_varnet_vs_zf,zf,5.7023607295006515,-11.258239192401515,-0.17161389649262934,3,3,7,30
8,shamaei_e2e_varnet_vs_cg,cg,5.723495654265085,-12.227718056187424,-0.19977224332398455,2,2,5,30
8,shamaei_e2e_varnet_vs_lacs,lacs,5.726973058283329,-12.404897722902367,-0.1643824682103002,1,1,9,30
8,shamaei_e2e_varnet_vs_nerp,nerp,5.701084446161985,-11.286379901153744,-0.10809793886808487,2,2,10,30
8,shamaei_e2e_varnet_vs_caps,caps,5.722368319270512,-12.406572398970678,-0.24634100645115192,1,1,5,30
