fname,method,acceleration,grid,adaptation,num_slices,sampling_fraction,acs_lines,espirit_crop,espirit_runtime_sec,runtime_sec,nmse,psnr,ssim,max_value_256,cg_iters,cg_lambda,lacs_wavelet_levels,nerp_iters,nerp_lr,caps_seed_mode,caps_base_seed,caps_n_avgs,caps_prior_start_timestep,caps_output_dc_iters,caps_lambda_ldm,caps_scale_mean
file_brain_AXT2_200_2000080.h5,caps,8,256x256,image_crop_256,16,0.140625,10,0.0,78.58237886428833,1897.5278143882751,0.0805855393409729,22.49701675040949,0.6717859722809039,0.0008059637621045113,,,,,,sha256_fname_slice_acceleration,0,4,200,5,0.03,0.0005214397679083049
file_brain_AXT2_200_2000080.h5,cg,8,256x256,image_crop_256,16,0.140625,10,0.0,78.58237886428833,0.3978149890899658,0.07468836009502411,22.827060288552143,0.644490873179589,0.0008059637621045113,50,0.01,,,,,,,,,,
file_brain_AXT2_200_2000080.h5,lacs,8,256x256,image_crop_256,16,0.140625,10,0.0,78.58237886428833,3.307030439376831,0.07397068291902542,22.86899791261147,0.5904208193794436,0.0008059637621045113,,,2,,,,,,,,,
file_brain_AXT2_200_2000080.h5,nerp,8,256x256,image_crop_256,16,0.140625,10,0.0,78.58237886428833,847.2829346656799,0.1036437377333641,21.404159211489358,0.5277183750398979,0.0008059637621045113,,,,1000,1e-05,,,,,,,
file_brain_AXT2_200_2000080.h5,zf,8,256x256,image_crop_256,16,0.140625,10,0.0,78.58237886428833,0.05350065231323242,0.08937157690525055,22.047597364343726,0.6091246883771884,0.0008059637621045113,,,,,,,,,,,,
file_brain_AXT2_200_2000288.h5,caps,8,256x256,image_crop_256,16,0.1484375,10,0.0,82.3499710559845,1885.6567492485046,0.02842690236866474,28.44129608335219,0.8061579841921849,0.0008077928214333951,,,,,,sha256_fname_slice_acceleration,0,4,200,5,0.03,0.0004760308875120245
file_brain_AXT2_200_2000288.h5,cg,8,256x256,image_crop_256,16,0.1484375,10,0.0,82.3499710559845,0.4001908302307129,0.054244544357061386,25.635029412168457,0.7421508691885996,0.0008077928214333951,50,0.01,,,,,,,,,,
file_brain_AXT2_200_2000288.h5,lacs,8,256x256,image_crop_256,16,0.1484375,10,0.0,82.3499710559845,3.263301372528076,0.04804551601409912,26.162064907407412,0.722948757074174,0.0008077928214333951,,,2,,,,,,,,,
file_brain_AXT2_200_2000288.h5,nerp,8,256x256,image_crop_256,16,0.1484375,10,0.0,82.3499710559845,799.998336315155,0.05482148751616478,25.589081488331527,0.6718411101289529,0.0008077928214333951,,,,1000,1e-05,,,,,,,
file_brain_AXT2_200_2000288.h5,zf,8,256x256,image_crop_256,16,0.1484375,10,0.0,82.3499710559845,0.05093550682067871,0.0939401313662529,23.250079536252425,0.6507800544717133,0.0008077928214333951,,,,,,,,,,,,
file_brain_AXT2_200_2000537.h5,caps,8,256x256,image_crop_256,16,0.09765625,10,0.0,81.48929238319397,2162.519579410553,0.21352091431617737,18.398519046978755,0.5501654322838658,0.0005793478921987116,,,,,,sha256_fname_slice_acceleration,0,4,200,5,0.03,0.00032385049962613266
file_brain_AXT2_200_2000537.h5,cg,8,256x256,image_crop_256,16,0.09765625,10,0.0,81.48929238319397,0.39666032791137695,0.10815577208995819,21.352433778059797,0.5932030758861624,0.0005793478921987116,50,0.01,,,,,,,,,,
file_brain_AXT2_200_2000537.h5,lacs,8,256x256,image_crop_256,16,0.09765625,10,0.0,81.48929238319397,3.267836332321167,0.11029385030269623,21.267418126381102,0.5456278381944742,0.0005793478921987116,,,2,,,,,,,,,
file_brain_AXT2_200_2000537.h5,nerp,8,256x256,image_crop_256,16,0.09765625,10,0.0,81.48929238319397,798.4179334640503,0.16686896979808807,19.469176929982982,0.4523279795116016,0.0005793478921987116,,,,1000,1e-05,,,,,,,
file_brain_AXT2_200_2000537.h5,zf,8,256x256,image_crop_256,16,0.09765625,10,0.0,81.48929238319397,0.07267999649047852,0.10496959090232849,21.48229522602837,0.5872105613831874,0.0005793478921987116,,,,,,,,,,,,
file_brain_AXT2_200_2000585.h5,caps,8,256x256,image_crop_256,16,0.14453125,10,0.0,81.11936450004578,1895.6862061023712,0.09742791205644608,23.44789843772173,0.6796656750121458,0.0005624265759252012,,,,,,sha256_fname_slice_acceleration,0,4,200,5,0.03,0.00028848723695773515
file_brain_AXT2_200_2000585.h5,cg,8,256x256,image_crop_256,16,0.14453125,10,0.0,81.11936450004578,0.38918256759643555,0.0865219384431839,23.963466829362076,0.6514561797148075,0.0005624265759252012,50,0.01,,,,,,,,,,
file_brain_AXT2_200_2000585.h5,lacs,8,256x256,image_crop_256,16,0.14453125,10,0.0,81.11936450004578,3.265631675720215,0.08491393178701401,24.044943392132758,0.6048784285633961,0.0005624265759252012,,,2,,,,,,,,,
file_brain_AXT2_200_2000585.h5,nerp,8,256x256,image_crop_256,16,0.14453125,10,0.0,81.11936450004578,800.8291954994202,0.11302976310253143,22.802807233689283,0.5406353462862601,0.0005624265759252012,,,,1000,1e-05,,,,,,,
file_brain_AXT2_200_2000585.h5,zf,8,256x256,image_crop_256,16,0.14453125,10,0.0,81.11936450004578,0.049767255783081055,0.1051308661699295,23.117429419429037,0.621559083563431,0.0005624265759252012,,,,,,,,,,,,
file_brain_AXT2_200_6002228.h5,caps,8,256x256,image_crop_256,16,0.1328125,10,0.0,78.7272539138794,1891.5160534381866,0.1038125529885292,24.63081523087051,0.7161560079591375,0.0006819142727181315,,,,,,sha256_fname_slice_acceleration,0,4,200,5,0.03,0.00029797067236359
file_brain_AXT2_200_6002228.h5,cg,8,256x256,image_crop_256,16,0.1328125,10,0.0,78.7272539138794,0.3924117088317871,0.0927845910191536,25.118555645932894,0.6876779623210382,0.0006819142727181315,50,0.01,,,,,,,,,,
file_brain_AXT2_200_6002228.h5,lacs,8,256x256,image_crop_256,16,0.1328125,10,0.0,78.7272539138794,3.4752883911132812,0.09064459055662155,25.21989671658865,0.6361105881282013,0.0006819142727181315,,,2,,,,,,,,,
file_brain_AXT2_200_6002228.h5,nerp,8,256x256,image_crop_256,16,0.1328125,10,0.0,78.7272539138794,799.3635802268982,0.12083381414413452,23.971429441606794,0.5858632609267918,0.0006819142727181315,,,,1000,1e-05,,,,,,,
file_brain_AXT2_200_6002228.h5,zf,8,256x256,image_crop_256,16,0.1328125,10,0.0,78.7272539138794,0.047534942626953125,0.1219850406050682,23.930251206434328,0.659513620558689,0.0006819142727181315,,,,,,,,,,,,
file_brain_AXT2_200_6002610.h5,caps,8,256x256,image_crop_256,16,0.1171875,10,0.0,116.60707569122314,1906.5359904766083,0.08791507035493851,23.920988201175387,0.7108780883886305,0.0006794366636313498,,,,,,sha256_fname_slice_acceleration,0,4,200,5,0.03,0.0004034459252579836
file_brain_AXT2_200_6002610.h5,cg,8,256x256,image_crop_256,16,0.1171875,10,0.0,116.60707569122314,0.48374271392822266,0.09810285270214081,23.44480316312397,0.651816966944766,0.0006794366636313498,50,0.01,,,,,,,,,,
file_brain_AXT2_200_6002610.h5,lacs,8,256x256,image_crop_256,16,0.1171875,10,0.0,116.60707569122314,3.319096326828003,0.09551524370908737,23.560897350263378,0.5935771325806585,0.0006794366636313498,,,2,,,,,,,,,
file_brain_AXT2_200_6002610.h5,nerp,8,256x256,image_crop_256,16,0.1171875,10,0.0,116.60707569122314,972.8772625923157,0.1185140386223793,22.62392573267555,0.5610511158430231,0.0006794366636313498,,,,1000,1e-05,,,,,,,
file_brain_AXT2_200_6002610.h5,zf,8,256x256,image_crop_256,16,0.1171875,10,0.0,116.60707569122314,0.08573389053344727,0.12599439918994904,22.358107175044218,0.6206845154069384,0.0006794366636313498,,,,,,,,,,,,
file_brain_AXT2_201_2010077.h5,caps,8,256x256,image_crop_256,16,0.1015625,10,0.0,77.22720289230347,1906.8486652374268,0.08430898934602737,24.507599711633176,0.6943727660532643,0.0005854652845300734,,,,,,sha256_fname_slice_acceleration,0,4,200,5,0.03,0.000293655738914822
file_brain_AXT2_201_2010077.h5,cg,8,256x256,image_crop_256,16,0.1015625,10,0.0,77.22720289230347,0.37769436836242676,0.057369593530893326,26.179521413661284,0.6978482675874486,0.0005854652845300734,50,0.01,,,,,,,,,,
file_brain_AXT2_201_2010077.h5,lacs,8,256x256,image_crop_256,16,0.1015625,10,0.0,77.22720289230347,3.600353956222534,0.05744007229804993,26.17419256865088,0.6360503934378695,0.0005854652845300734,,,2,,,,,,,,,
file_brain_AXT2_201_2010077.h5,nerp,8,256x256,image_crop_256,16,0.1015625,10,0.0,77.22720289230347,806.4551765918732,0.08441393077373505,24.502198232860643,0.5730121621442773,0.0005854652845300734,,,,1000,1e-05,,,,,,,
file_brain_AXT2_201_2010077.h5,zf,8,256x256,image_crop_256,16,0.1015625,10,0.0,77.22720289230347,0.04093313217163086,0.07099106907844543,25.25430226366257,0.6674653742805305,0.0005854652845300734,,,,,,,,,,,,
file_brain_AXT2_201_2010089.h5,caps,8,256x256,image_crop_256,16,0.08984375,10,0.0,110.98397612571716,1895.8037903308868,0.08193818479776382,22.307093623825388,0.6583483020997302,0.0005778780905529857,,,,,,sha256_fname_slice_acceleration,0,4,200,5,0.03,0.0003348606733197812
file_brain_AXT2_201_2010089.h5,cg,8,256x256,image_crop_256,16,0.08984375,10,0.0,110.98397612571716,0.473358154296875,0.0822470411658287,22.290753734068467,0.6066366485683575,0.0005778780905529857,50,0.01,,,,,,,,,,
file_brain_AXT2_201_2010089.h5,lacs,8,256x256,image_crop_256,16,0.08984375,10,0.0,110.98397612571716,3.6740853786468506,0.08198723942041397,22.30450205183647,0.549520274524689,0.0005778780905529857,,,2,,,,,,,,,
file_brain_AXT2_201_2010089.h5,nerp,8,256x256,image_crop_256,16,0.08984375,10,0.0,110.98397612571716,798.8128392696381,0.10090275853872299,21.402931201780035,0.5173060620760883,0.0005778780905529857,,,,1000,1e-05,,,,,,,
file_brain_AXT2_201_2010089.h5,zf,8,256x256,image_crop_256,16,0.08984375,10,0.0,110.98397612571716,0.04605579376220703,0.09807208925485611,21.526504780543885,0.5639757180570162,0.0005778780905529857,,,,,,,,,,,,
file_brain_AXT2_201_2010553.h5,caps,8,256x256,image_crop_256,16,0.11328125,10,0.0,106.95897173881531,1894.4957098960876,0.1397686004638672,24.75189625262567,0.7074729444593466,0.0008317273459397256,,,,,,sha256_fname_slice_acceleration,0,4,200,5,0.03,0.00031350219319392636
file_brain_AXT2_201_2010553.h5,cg,8,256x256,image_crop_256,16,0.11328125,10,0.0,106.95897173881531,0.4578850269317627,0.09711036086082458,26.333338208199322,0.7157234591432426,0.0008317273459397256,50,0.01,,,,,,,,,,
file_brain_AXT2_201_2010553.h5,lacs,8,256x256,image_crop_256,16,0.11328125,10,0.0,106.95897173881531,3.25563645362854,0.09729745239019394,26.32498118649989,0.6553348900951744,0.0008317273459397256,,,2,,,,,,,,,
file_brain_AXT2_201_2010553.h5,nerp,8,256x256,image_crop_256,16,0.11328125,10,0.0,106.95897173881531,802.0846693515778,0.1343413144350052,24.923898537822442,0.5896764617484311,0.0008317273459397256,,,,1000,1e-05,,,,,,,
file_brain_AXT2_201_2010553.h5,zf,8,256x256,image_crop_256,16,0.11328125,10,0.0,106.95897173881531,0.00883936882019043,0.1211472749710083,25.37285742349418,0.6817708933311994,0.0008317273459397256,,,,,,,,,,,,
file_brain_AXT2_202_2020079.h5,caps,8,256x256,image_crop_256,16,0.1171875,10,0.0,109.55555176734924,1884.417918920517,0.11042621731758118,24.147020607532323,0.650567210952577,0.0009274911717511714,,,,,,sha256_fname_slice_acceleration,0,4,200,5,0.03,0.0004913379125355277
file_brain_AXT2_202_2020079.h5,cg,8,256x256,image_crop_256,16,0.1171875,10,0.0,109.55555176734924,0.5162837505340576,0.1049220934510231,24.36907147387653,0.5795641910219423,0.0009274911717511714,50,0.01,,,,,,,,,,
file_brain_AXT2_202_2020079.h5,lacs,8,256x256,image_crop_256,16,0.1171875,10,0.0,109.55555176734924,3.2079246044158936,0.09995550662279129,24.579678516422028,0.5622297228979692,0.0009274911717511714,,,2,,,,,,,,,
file_brain_AXT2_202_2020079.h5,nerp,8,256x256,image_crop_256,16,0.1171875,10,0.0,109.55555176734924,801.4194424152374,0.10274272412061691,24.460236394545714,0.5084613751634977,0.0009274911717511714,,,,1000,1e-05,,,,,,,
file_brain_AXT2_202_2020079.h5,zf,8,256x256,image_crop_256,16,0.1171875,10,0.0,109.55555176734924,0.008684396743774414,0.1423959881067276,23.04276801549884,0.6018598230471488,0.0009274911717511714,,,,,,,,,,,,
file_brain_AXT2_202_2020116.h5,caps,8,256x256,image_crop_256,16,0.109375,10,0.0,47.094443798065186,1885.0262298583984,0.09928218275308609,24.078135364616763,0.6971572203025536,0.0010174192721024156,,,,,,sha256_fname_slice_acceleration,0,4,200,5,0.03,0.0004439747367541713
file_brain_AXT2_202_2020116.h5,cg,8,256x256,image_crop_256,16,0.109375,10,0.0,47.094443798065186,0.36472082138061523,0.08192488551139832,24.912696742772674,0.6530601602540329,0.0010174192721024156,50,0.01,,,,,,,,,,
file_brain_AXT2_202_2020116.h5,lacs,8,256x256,image_crop_256,16,0.109375,10,0.0,47.094443798065186,3.1805062294006348,0.07756328582763672,25.15029519288296,0.6282926238509434,0.0010174192721024156,,,2,,,,,,,,,
file_brain_AXT2_202_2020116.h5,nerp,8,256x256,image_crop_256,16,0.109375,10,0.0,47.094443798065186,799.6866416931152,0.09684880822896957,24.185917539647413,0.5615635006278454,0.0010174192721024156,,,,1000,1e-05,,,,,,,
file_brain_AXT2_202_2020116.h5,zf,8,256x256,image_crop_256,16,0.109375,10,0.0,47.094443798065186,0.008017301559448242,0.10153249651193619,23.980803385240428,0.6160054594881648,0.0010174192721024156,,,,,,,,,,,,
file_brain_AXT2_202_2020419.h5,caps,8,256x256,image_crop_256,16,0.140625,10,0.0,77.15130019187927,1889.2311487197876,0.0413065068423748,29.760360554390083,0.7463888741232206,0.0009418961126357317,,,,,,sha256_fname_slice_acceleration,0,4,200,5,0.03,0.00041036171387531795
file_brain_AXT2_202_2020419.h5,cg,8,256x256,image_crop_256,16,0.140625,10,0.0,77.15130019187927,0.3683152198791504,0.09776189923286438,26.018842091983526,0.637177953235552,0.0009418961126357317,50,0.01,,,,,,,,,,
file_brain_AXT2_202_2020419.h5,lacs,8,256x256,image_crop_256,16,0.140625,10,0.0,77.15130019187927,3.179791212081909,0.09203390777111053,26.281066775326025,0.6024063322887979,0.0009418961126357317,,,2,,,,,,,,,
file_brain_AXT2_202_2020419.h5,nerp,8,256x256,image_crop_256,16,0.140625,10,0.0,77.15130019187927,800.9872641563416,0.10091125220060349,25.881147758424788,0.5540673480999383,0.0009418961126357317,,,,1000,1e-05,,,,,,,
file_brain_AXT2_202_2020419.h5,zf,8,256x256,image_crop_256,16,0.140625,10,0.0,77.15130019187927,0.00638890266418457,0.12835310399532318,24.836479568543215,0.6557411084508802,0.0009418961126357317,,,,,,,,,,,,
file_brain_AXT2_203_2030111.h5,caps,8,256x256,image_crop_256,16,0.11328125,10,0.0,12.978626489639282,1886.5851347446442,0.06912314146757126,23.796524434031014,0.6864528018508679,0.0005174323450773954,,,,,,sha256_fname_slice_acceleration,0,4,200,5,0.03,0.00029536113015637966
file_brain_AXT2_203_2030111.h5,cg,8,256x256,image_crop_256,16,0.11328125,10,0.0,12.978626489639282,0.35422182083129883,0.051986344158649445,25.033876719742967,0.6695352119284976,0.0005174323450773954,50,0.01,,,,,,,,,,
file_brain_AXT2_203_2030111.h5,lacs,8,256x256,image_crop_256,16,0.11328125,10,0.0,12.978626489639282,3.219914197921753,0.04911111295223236,25.280977462394468,0.6487363382076197,0.0005174323450773954,,,2,,,,,,,,,
file_brain_AXT2_203_2030111.h5,nerp,8,256x256,image_crop_256,16,0.11328125,10,0.0,12.978626489639282,800.6820602416992,0.05745905637741089,24.59919002694071,0.605972740044934,0.0005174323450773954,,,,1000,1e-05,,,,,,,
file_brain_AXT2_203_2030111.h5,zf,8,256x256,image_crop_256,16,0.11328125,10,0.0,12.978626489639282,0.023944377899169922,0.06777067482471466,23.882355428897256,0.6184967534190702,0.0005174323450773954,,,,,,,,,,,,
file_brain_AXT2_203_2030145.h5,caps,8,256x256,image_crop_256,16,0.16015625,10,0.0,13.01661491394043,1899.6919221878052,0.07457436621189117,24.148878962586856,0.7324205282536687,0.0006899415166117251,,,,,,sha256_fname_slice_acceleration,0,4,200,5,0.03,0.0003749123557099665
file_brain_AXT2_203_2030145.h5,cg,8,256x256,image_crop_256,16,0.16015625,10,0.0,13.01661491394043,0.42023277282714844,0.07590128481388092,24.072290441608924,0.674310048330573,0.0006899415166117251,50,0.01,,,,,,,,,,
file_brain_AXT2_203_2030145.h5,lacs,8,256x256,image_crop_256,16,0.16015625,10,0.0,13.01661491394043,3.1699769496917725,0.07201628386974335,24.300481407647297,0.6699556298767531,0.0006899415166117251,,,2,,,,,,,,,
file_brain_AXT2_203_2030145.h5,nerp,8,256x256,image_crop_256,16,0.16015625,10,0.0,13.01661491394043,805.3033814430237,0.10624276846647263,22.611792184474186,0.5736778451509921,0.0006899415166117251,,,,1000,1e-05,,,,,,,
file_brain_AXT2_203_2030145.h5,zf,8,256x256,image_crop_256,16,0.16015625,10,0.0,13.01661491394043,0.0948939323425293,0.08921317756175995,23.370493940793196,0.6397150508202183,0.0006899415166117251,,,,,,,,,,,,
file_brain_AXT2_203_2030401.h5,caps,8,256x256,image_crop_256,16,0.140625,10,0.0,13.326645374298096,1901.1709065437317,0.045048248022794724,23.146908745784067,0.7048454413180057,0.0005708764656446874,,,,,,sha256_fname_slice_acceleration,0,4,200,5,0.03,0.0004077014227732434
file_brain_AXT2_203_2030401.h5,cg,8,256x256,image_crop_256,16,0.140625,10,0.0,13.326645374298096,0.41393327713012695,0.053050097078084946,22.436825681668132,0.646736314003944,0.0005708764656446874,50,0.01,,,,,,,,,,
file_brain_AXT2_203_2030401.h5,lacs,8,256x256,image_crop_256,16,0.140625,10,0.0,13.326645374298096,3.168515920639038,0.054208818823099136,22.342991473574095,0.6169442274881566,0.0005708764656446874,,,2,,,,,,,,,
file_brain_AXT2_203_2030401.h5,nerp,8,256x256,image_crop_256,16,0.140625,10,0.0,13.326645374298096,807.4077816009521,0.08192678540945053,20.549438153971302,0.5385735657152768,0.0005708764656446874,,,,1000,1e-05,,,,,,,
file_brain_AXT2_203_2030401.h5,zf,8,256x256,image_crop_256,16,0.140625,10,0.0,13.326645374298096,0.014623880386352539,0.06459692120552063,21.58157038705118,0.6002759148780077,0.0005708764656446874,,,,,,,,,,,,
file_brain_AXT2_204_2040005.h5,caps,8,256x256,image_crop_256,16,0.12890625,10,0.0,86.82235884666443,1896.0603535175323,0.10179392993450165,21.931073232261234,0.6935067812481318,0.0006809495971538126,,,,,,sha256_fname_slice_acceleration,0,4,200,5,0.03,0.0003769268023461336
file_brain_AXT2_204_2040005.h5,cg,8,256x256,image_crop_256,16,0.12890625,10,0.0,86.82235884666443,0.37970519065856934,0.09615147858858109,22.17873305978303,0.6407181568576783,0.0006809495971538126,50,0.01,,,,,,,,,,
file_brain_AXT2_204_2040005.h5,lacs,8,256x256,image_crop_256,16,0.12890625,10,0.0,86.82235884666443,3.317046880722046,0.09445247054100037,22.256166529491367,0.5861350367240433,0.0006809495971538126,,,2,,,,,,,,,
file_brain_AXT2_204_2040005.h5,nerp,8,256x256,image_crop_256,16,0.12890625,10,0.0,86.82235884666443,804.7871260643005,0.12006966769695282,21.21396254833649,0.5432441466709483,0.0006809495971538126,,,,1000,1e-05,,,,,,,
file_brain_AXT2_204_2040005.h5,zf,8,256x256,image_crop_256,16,0.12890625,10,0.0,86.82235884666443,0.08145546913146973,0.11302728205919266,21.476465111358635,0.5996940879529336,0.0006809495971538126,,,,,,,,,,,,
file_brain_AXT2_204_2040043.h5,caps,8,256x256,image_crop_256,16,0.109375,10,0.0,77.3982572555542,1892.3678290843964,0.11221667379140854,21.584878323470274,0.609415500401677,0.0005884183337911963,,,,,,sha256_fname_slice_acceleration,0,4,200,5,0.03,0.00034554974979528197
file_brain_AXT2_204_2040043.h5,cg,8,256x256,image_crop_256,16,0.109375,10,0.0,77.3982572555542,0.37869787216186523,0.10237044841051102,21.98370458455699,0.605793798418433,0.0005884183337911963,50,0.01,,,,,,,,,,
file_brain_AXT2_204_2040043.h5,lacs,8,256x256,image_crop_256,16,0.109375,10,0.0,77.3982572555542,3.2443490028381348,0.10368962585926056,21.9281024674656,0.5533772024399507,0.0005884183337911963,,,2,,,,,,,,,
file_brain_AXT2_204_2040043.h5,nerp,8,256x256,image_crop_256,16,0.109375,10,0.0,77.3982572555542,802.2261888980865,0.15572234988212585,20.161948611209056,0.4539714573161484,0.0005884183337911963,,,,1000,1e-05,,,,,,,
file_brain_AXT2_204_2040043.h5,zf,8,256x256,image_crop_256,16,0.109375,10,0.0,77.3982572555542,0.007351398468017578,0.11483380198478699,21.48475729583671,0.5716279998760289,0.0005884183337911963,,,,,,,,,,,,
file_brain_AXT2_204_2040073.h5,caps,8,256x256,image_crop_256,16,0.1640625,10,0.0,74.61027717590332,1882.4920527935028,0.09702887386083603,21.033548869038054,0.665364801741654,0.0006355542573146522,,,,,,sha256_fname_slice_acceleration,0,4,200,5,0.03,0.00040600298871140694
file_brain_AXT2_204_2040073.h5,cg,8,256x256,image_crop_256,16,0.1640625,10,0.0,74.61027717590332,0.37642979621887207,0.09523093700408936,21.11477662091147,0.6280107895511637,0.0006355542573146522,50,0.01,,,,,,,,,,
file_brain_AXT2_204_2040073.h5,lacs,8,256x256,image_crop_256,16,0.1640625,10,0.0,74.61027717590332,3.18916654586792,0.0916949138045311,21.27911084952395,0.5923313522103,0.0006355542573146522,,,2,,,,,,,,,
file_brain_AXT2_204_2040073.h5,nerp,8,256x256,image_crop_256,16,0.1640625,10,0.0,74.61027717590332,800.9013822078705,0.11415290832519531,20.32769453971683,0.5407796398963141,0.0006355542573146522,,,,1000,1e-05,,,,,,,
file_brain_AXT2_204_2040073.h5,zf,8,256x256,image_crop_256,16,0.1640625,10,0.0,74.61027717590332,0.0059528350830078125,0.11315210908651352,20.36593441217451,0.5872015777124728,0.0006355542573146522,,,,,,,,,,,,
file_brain_AXT2_205_2050022.h5,caps,8,256x256,image_crop_256,16,0.11328125,10,0.0,106.41734838485718,1885.2996022701263,0.053559809923172,25.56945376521788,0.6363564393869239,0.0007925914251245558,,,,,,sha256_fname_slice_acceleration,0,4,200,5,0.03,0.0004289176153520202
file_brain_AXT2_205_2050022.h5,cg,8,256x256,image_crop_256,16,0.11328125,10,0.0,106.41734838485718,0.42592620849609375,0.06693550944328308,24.60127661935325,0.598728876499026,0.0007925914251245558,50,0.01,,,,,,,,,,
file_brain_AXT2_205_2050022.h5,lacs,8,256x256,image_crop_256,16,0.11328125,10,0.0,106.41734838485718,3.200305223464966,0.06437557935714722,24.770631931712046,0.5655684328027352,0.0007925914251245558,,,2,,,,,,,,,
file_brain_AXT2_205_2050022.h5,nerp,8,256x256,image_crop_256,16,0.11328125,10,0.0,106.41734838485718,798.8443729877472,0.06418722867965698,24.783359992692095,0.5256224312783682,0.0007925914251245558,,,,1000,1e-05,,,,,,,
file_brain_AXT2_205_2050022.h5,zf,8,256x256,image_crop_256,16,0.11328125,10,0.0,106.41734838485718,0.021983623504638672,0.09915687888860703,22.894616794112114,0.5837804680376848,0.0007925914251245558,,,,,,,,,,,,
file_brain_AXT2_205_6000027.h5,caps,8,256x256,image_crop_256,16,0.140625,10,0.0,77.9759566783905,1888.94757437706,0.07979213446378708,26.79510187902157,0.7497682766909926,0.0011069384636357427,,,,,,sha256_fname_slice_acceleration,0,4,200,5,0.03,0.00046438896970357746
file_brain_AXT2_205_6000027.h5,cg,8,256x256,image_crop_256,16,0.140625,10,0.0,77.9759566783905,0.37024974822998047,0.09212140738964081,26.17109794111051,0.6883447147678939,0.0011069384636357427,50,0.01,,,,,,,,,,
file_brain_AXT2_205_6000027.h5,lacs,8,256x256,image_crop_256,16,0.140625,10,0.0,77.9759566783905,3.1657955646514893,0.0877988263964653,26.379820978995756,0.6338415937718929,0.0011069384636357427,,,2,,,,,,,,,
file_brain_AXT2_205_6000027.h5,nerp,8,256x256,image_crop_256,16,0.140625,10,0.0,77.9759566783905,801.1677987575531,0.11310631036758423,25.27983894668182,0.5790549652291652,0.0011069384636357427,,,,1000,1e-05,,,,,,,
file_brain_AXT2_205_6000027.h5,zf,8,256x256,image_crop_256,16,0.140625,10,0.0,77.9759566783905,0.007320880889892578,0.11364049464464188,25.259374458090203,0.6820338457807626,0.0011069384636357427,,,,,,,,,,,,
file_brain_AXT2_207_2070289.h5,caps,8,256x256,image_crop_256,14,0.11328125,10,0.0,11.796104669570923,1651.1362702846527,0.07299301028251648,26.00704164342816,0.7396349915708045,0.0010126341367140412,,,,,,sha256_fname_slice_acceleration,0,4,200,5,0.03,0.0004811454647486763
file_brain_AXT2_207_2070289.h5,cg,8,256x256,image_crop_256,14,0.11328125,10,0.0,11.796104669570923,0.2870175838470459,0.1088576391339302,24.271270656902182,0.6444214048832222,0.0010126341367140412,50,0.01,,,,,,,,,,
file_brain_AXT2_207_2070289.h5,lacs,8,256x256,image_crop_256,14,0.11328125,10,0.0,11.796104669570923,2.8087916374206543,0.10102623701095581,24.595523686229672,0.6153996161649513,0.0010126341367140412,,,2,,,,,,,,,
file_brain_AXT2_207_2070289.h5,nerp,8,256x256,image_crop_256,14,0.11328125,10,0.0,11.796104669570923,701.3007283210754,0.12775981426239014,23.575919279337626,0.591123280811386,0.0010126341367140412,,,,1000,1e-05,,,,,,,
file_brain_AXT2_207_2070289.h5,zf,8,256x256,image_crop_256,14,0.11328125,10,0.0,11.796104669570923,0.005700588226318359,0.12305215746164322,23.7389688089381,0.616549932815161,0.0010126341367140412,,,,,,,,,,,,
file_brain_AXT2_207_2070356.h5,caps,8,256x256,image_crop_256,16,0.12109375,10,0.0,13.376580715179443,1900.0624494552612,0.07452667504549026,24.43998989032231,0.6815703998867084,0.0008295249426737428,,,,,,sha256_fname_slice_acceleration,0,4,200,5,0.03,0.00045914082147646695
file_brain_AXT2_207_2070356.h5,cg,8,256x256,image_crop_256,16,0.12109375,10,0.0,13.376580715179443,0.4153323173522949,0.10471776872873306,22.96290574598528,0.5917687497294153,0.0008295249426737428,50,0.01,,,,,,,,,,
file_brain_AXT2_207_2070356.h5,lacs,8,256x256,image_crop_256,16,0.12109375,10,0.0,13.376580715179443,3.1914491653442383,0.09244070947170258,23.504482256518067,0.5958989667632466,0.0008295249426737428,,,2,,,,,,,,,
file_brain_AXT2_207_2070356.h5,nerp,8,256x256,image_crop_256,16,0.12109375,10,0.0,13.376580715179443,805.4319198131561,0.10647639632225037,22.890581246041116,0.5726363128349856,0.0008295249426737428,,,,1000,1e-05,,,,,,,
file_brain_AXT2_207_2070356.h5,zf,8,256x256,image_crop_256,16,0.12109375,10,0.0,13.376580715179443,0.006031036376953125,0.12818759679794312,22.0846526514315,0.5802859133582781,0.0008295249426737428,,,,,,,,,,,,
file_brain_AXT2_207_2070712.h5,caps,8,256x256,image_crop_256,16,0.15625,10,0.0,13.664493322372437,1901.8705658912659,0.057067807763814926,25.98590620237161,0.7634226851447892,0.0008245721692219377,,,,,,sha256_fname_slice_acceleration,0,4,200,5,0.03,0.0004813806226593442
file_brain_AXT2_207_2070712.h5,cg,8,256x256,image_crop_256,16,0.15625,10,0.0,13.664493322372437,0.5796749591827393,0.10401662439107895,23.378793686352132,0.6147405368695225,0.0008245721692219377,50,0.01,,,,,,,,,,
file_brain_AXT2_207_2070712.h5,lacs,8,256x256,image_crop_256,16,0.15625,10,0.0,13.664493322372437,3.2583131790161133,0.08712432533502579,24.148432064267453,0.6229456775278288,0.0008245721692219377,,,2,,,,,,,,,
file_brain_AXT2_207_2070712.h5,nerp,8,256x256,image_crop_256,16,0.15625,10,0.0,13.664493322372437,809.9477407932281,0.10745732486248016,23.237465424005176,0.5945259523622303,0.0008245721692219377,,,,1000,1e-05,,,,,,,
file_brain_AXT2_207_2070712.h5,zf,8,256x256,image_crop_256,16,0.15625,10,0.0,13.664493322372437,0.0061991214752197266,0.12553252279758453,22.562261964945826,0.6169386453485923,0.0008245721692219377,,,,,,,,,,,,
file_brain_AXT2_208_2080011.h5,caps,8,256x256,image_crop_256,16,0.12890625,10,0.0,14.004167556762695,1895.9657423496246,0.04225187748670578,26.945039713523148,0.771557416020832,0.0008243003976531327,,,,,,sha256_fname_slice_acceleration,0,4,200,5,0.03,0.0005009331026712971
file_brain_AXT2_208_2080011.h5,cg,8,256x256,image_crop_256,16,0.12890625,10,0.0,14.004167556762695,0.42329931259155273,0.08232547342777252,24.04816009917137,0.6449096724578809,0.0008243003976531327,50,0.01,,,,,,,,,,
file_brain_AXT2_208_2080011.h5,lacs,8,256x256,image_crop_256,16,0.12890625,10,0.0,14.004167556762695,3.2902162075042725,0.06764765828847885,24.900983456439185,0.6326413676046587,0.0008243003976531327,,,2,,,,,,,,,
file_brain_AXT2_208_2080011.h5,nerp,8,256x256,image_crop_256,16,0.12890625,10,0.0,14.004167556762695,808.5939927101135,0.07834702730178833,24.26328568528186,0.5952041863145836,0.0008243003976531327,,,,1000,1e-05,,,,,,,
file_brain_AXT2_208_2080011.h5,zf,8,256x256,image_crop_256,16,0.12890625,10,0.0,14.004167556762695,0.09445381164550781,0.10552820563316345,22.969826291886562,0.6026924703532603,0.0008243003976531327,,,,,,,,,,,,
file_brain_AXT2_208_2080711.h5,caps,8,256x256,image_crop_256,16,0.12109375,10,0.0,12.63137698173523,1889.2324500083923,0.09081348776817322,23.50478668836354,0.6758025001764711,0.0007923743687570095,,,,,,sha256_fname_slice_acceleration,0,4,200,5,0.03,0.00045305515186555567
file_brain_AXT2_208_2080711.h5,cg,8,256x256,image_crop_256,16,0.12109375,10,0.0,12.63137698173523,0.32952213287353516,0.12314557284116745,22.182103391856476,0.5941731554937234,0.0007923743687570095,50,0.01,,,,,,,,,,
file_brain_AXT2_208_2080711.h5,lacs,8,256x256,image_crop_256,16,0.12109375,10,0.0,12.63137698173523,3.235142469406128,0.1114046573638916,22.617265316300887,0.5793024505187061,0.0007923743687570095,,,2,,,,,,,,,
file_brain_AXT2_208_2080711.h5,nerp,8,256x256,image_crop_256,16,0.12109375,10,0.0,12.63137698173523,803.0363869667053,0.1468735635280609,21.416857922306512,0.535735055957841,0.0007923743687570095,,,,1000,1e-05,,,,,,,
file_brain_AXT2_208_2080711.h5,zf,8,256x256,image_crop_256,16,0.12109375,10,0.0,12.63137698173523,0.007954835891723633,0.13721682131290436,21.712222605489938,0.5786539207511641,0.0007923743687570095,,,,,,,,,,,,
file_brain_AXT2_209_2090109.h5,caps,8,256x256,image_crop_256,16,0.12109375,10,0.0,65.30745530128479,1879.5893549919128,0.10646408051252365,21.9904744675843,0.6705026786805088,0.0004943629028275609,,,,,,sha256_fname_slice_acceleration,0,4,200,5,0.03,0.00030618228629464284
file_brain_AXT2_209_2090109.h5,cg,8,256x256,image_crop_256,16,0.12109375,10,0.0,65.30745530128479,0.3512544631958008,0.08787380158901215,22.823914300116375,0.6416991997379031,0.0004943629028275609,50,0.01,,,,,,,,,,
file_brain_AXT2_209_2090109.h5,lacs,8,256x256,image_crop_256,16,0.12109375,10,0.0,65.30745530128479,3.1746959686279297,0.08596343547105789,22.919373264580756,0.6109764789784776,0.0004943629028275609,,,2,,,,,,,,,
file_brain_AXT2_209_2090109.h5,nerp,8,256x256,image_crop_256,16,0.12109375,10,0.0,65.30745530128479,800.0167901515961,0.1183922067284584,21.529282192563652,0.5612440954580198,0.0004943629028275609,,,,1000,1e-05,,,,,,,
file_brain_AXT2_209_2090109.h5,zf,8,256x256,image_crop_256,16,0.12109375,10,0.0,65.30745530128479,0.012237310409545898,0.1227954626083374,21.370685910052188,0.5930033515066179,0.0004943629028275609,,,,,,,,,,,,
file_brain_AXT2_209_2090122.h5,caps,8,256x256,image_crop_256,16,0.09765625,10,0.0,80.24286341667175,1883.3900427818298,0.1706802099943161,23.162673345254355,0.6248055805873787,0.0005670847021974623,,,,,,sha256_fname_slice_acceleration,0,4,200,5,0.03,0.00021502975732801133
file_brain_AXT2_209_2090122.h5,cg,8,256x256,image_crop_256,16,0.09765625,10,0.0,80.24286341667175,0.3621344566345215,0.13357913494110107,24.227114767301167,0.6434556991038409,0.0005670847021974623,50,0.01,,,,,,,,,,
file_brain_AXT2_209_2090122.h5,lacs,8,256x256,image_crop_256,16,0.09765625,10,0.0,80.24286341667175,3.192349672317505,0.13623389601707458,24.141653686338955,0.5909658736912039,0.0005670847021974623,,,2,,,,,,,,,
file_brain_AXT2_209_2090122.h5,nerp,8,256x256,image_crop_256,16,0.09765625,10,0.0,80.24286341667175,799.8436501026154,0.1874447762966156,22.75577335214276,0.5068979902451687,0.0005670847021974623,,,,1000,1e-05,,,,,,,
file_brain_AXT2_209_2090122.h5,zf,8,256x256,image_crop_256,16,0.09765625,10,0.0,80.24286341667175,0.006764650344848633,0.14157044887542725,23.974777965360666,0.6294943037628076,0.0005670847021974623,,,,,,,,,,,,
file_brain_AXT2_209_2090239.h5,caps,8,256x256,image_crop_256,16,0.1328125,10,0.0,77.4844925403595,1888.7095444202423,0.08829512447118759,24.07836536195863,0.6978535017078437,0.0005294729489833117,,,,,,sha256_fname_slice_acceleration,0,4,200,5,0.03,0.0002639008914684382
file_brain_AXT2_209_2090239.h5,cg,8,256x256,image_crop_256,16,0.1328125,10,0.0,77.4844925403595,0.3652610778808594,0.07268865406513214,24.923068834422956,0.6776065497299633,0.0005294729489833117,50,0.01,,,,,,,,,,
file_brain_AXT2_209_2090239.h5,lacs,8,256x256,image_crop_256,16,0.1328125,10,0.0,77.4844925403595,3.1493079662323,0.07472813874483109,24.802895209849535,0.6366821213432996,0.0005294729489833117,,,2,,,,,,,,,
file_brain_AXT2_209_2090239.h5,nerp,8,256x256,image_crop_256,16,0.1328125,10,0.0,77.4844925403595,800.8287069797516,0.12225199490785599,22.66517690078837,0.5413283440816298,0.0005294729489833117,,,,1000,1e-05,,,,,,,
file_brain_AXT2_209_2090239.h5,zf,8,256x256,image_crop_256,16,0.1328125,10,0.0,77.4844925403595,0.007139682769775391,0.10912203788757324,23.158610651503007,0.6427848777634589,0.0005294729489833117,,,,,,,,,,,,
file_brain_AXT2_209_2090388.h5,caps,8,256x256,image_crop_256,16,0.1484375,10,0.0,66.71386981010437,1889.9635167121887,0.08024054020643234,23.40834112819573,0.7126467097968148,0.0005014390917494893,,,,,,sha256_fname_slice_acceleration,0,4,200,5,0.03,0.0002871909597388367
file_brain_AXT2_209_2090388.h5,cg,8,256x256,image_crop_256,16,0.1484375,10,0.0,66.71386981010437,0.3664214611053467,0.07993427664041519,23.42495050182516,0.6665195409575191,0.0005014390917494893,50,0.01,,,,,,,,,,
file_brain_AXT2_209_2090388.h5,lacs,8,256x256,image_crop_256,16,0.1484375,10,0.0,66.71386981010437,3.238569736480713,0.07715632766485214,23.578565367039864,0.6264660537170156,0.0005014390917494893,,,2,,,,,,,,,
file_brain_AXT2_209_2090388.h5,nerp,8,256x256,image_crop_256,16,0.1484375,10,0.0,66.71386981010437,803.8172643184662,0.09446854144334793,22.69941281917841,0.5756469145814052,0.0005014390917494893,,,,1000,1e-05,,,,,,,
file_brain_AXT2_209_2090388.h5,zf,8,256x256,image_crop_256,16,0.1484375,10,0.0,66.71386981010437,0.047333717346191406,0.10452359914779663,22.260142542971273,0.6264210262862037,0.0005014390917494893,,,,,,,,,,,,
file_brain_AXT2_209_6001087.h5,caps,8,256x256,image_crop_256,16,0.125,10,0.0,65.90003609657288,1904.6020839214325,0.09430968016386032,23.977680837178102,0.6714280512279374,0.00048808654537424445,,,,,,sha256_fname_slice_acceleration,0,4,200,5,0.03,0.00021455969454109436
file_brain_AXT2_209_6001087.h5,cg,8,256x256,image_crop_256,16,0.125,10,0.0,65.90003609657288,0.36102819442749023,0.07895880937576294,24.749240636795196,0.6471296436188111,0.00048808654537424445,50,0.01,,,,,,,,,,
file_brain_AXT2_209_6001087.h5,lacs,8,256x256,image_crop_256,16,0.125,10,0.0,65.90003609657288,3.1696765422821045,0.08062277734279633,24.658674967300964,0.6121491957273888,0.00048808654537424445,,,2,,,,,,,,,
file_brain_AXT2_209_6001087.h5,nerp,8,256x256,image_crop_256,16,0.125,10,0.0,65.90003609657288,801.6435470581055,0.11780411750078201,23.011642891689732,0.550416514761558,0.00048808654537424445,,,,1000,1e-05,,,,,,,
file_brain_AXT2_209_6001087.h5,zf,8,256x256,image_crop_256,16,0.125,10,0.0,65.90003609657288,0.08461189270019531,0.10292311757802963,23.598118572239315,0.6293172242050853,0.00048808654537424445,,,,,,,,,,,,
