fname,method,acceleration,grid,adaptation,num_slices,sampling_fraction,acs_lines,espirit_crop,espirit_runtime_sec,runtime_sec,nmse,psnr,ssim,max_value_256,alpha_abs_mean,alpha_abs_std,checkpoint_epoch,checkpoint_val_ssim,output_calibration
file_brain_AXT2_200_2000080.h5,shamaei_e2e_varnet,8,256x256,image_crop_256,16,0.140625,10,0.0,197.13342261314392,2.4166369438171387,0.250042587518692,17.5794614705569,0.6156906880716573,0.0008059637621045113,0.02874935930594802,0.012055129296844292,17,0.4667161262093945,acquired_kspace_complex_least_squares
file_brain_AXT2_200_2000288.h5,shamaei_e2e_varnet,8,256x256,image_crop_256,16,0.1484375,10,0.0,209.881671667099,2.1368908882141113,0.6059168577194214,15.15446806425756,0.30723369318709914,0.0008077928214333951,0.011660817835945636,0.0014246543630460592,17,0.4667161262093945,acquired_kspace_complex_least_squares
file_brain_AXT2_200_2000537.h5,shamaei_e2e_varnet,8,256x256,image_crop_256,16,0.09765625,10,0.0,201.15462613105774,1.752180576324463,0.742919921875,12.983521625413097,0.17296850387408674,0.0005793478921987116,0.008808885104372166,0.004099021918096744,17,0.4667161262093945,acquired_kspace_complex_least_squares
file_brain_AXT2_200_2000585.h5,shamaei_e2e_varnet,8,256x256,image_crop_256,16,0.14453125,10,0.0,188.44853115081787,1.8060731887817383,1.7375054359436035,10.935480255275268,0.5886851123816136,0.0005624265759252012,0.12349851755425334,0.03120187776743141,17,0.4667161262093945,acquired_kspace_complex_least_squares
file_brain_AXT2_200_6002228.h5,shamaei_e2e_varnet,8,256x256,image_crop_256,16,0.1328125,10,0.0,151.77979803085327,1.144679069519043,6.487463474273682,6.672577066539713,0.45106550134779666,0.0006819142727181315,0.1744013400748372,0.05714196361630866,17,0.4667161262093945,acquired_kspace_complex_least_squares
file_brain_AXT2_200_6002610.h5,shamaei_e2e_varnet,8,256x256,image_crop_256,16,0.1171875,10,0.0,217.08664107322693,1.1311211585998535,17.451173782348633,0.9433846602048724,0.2370790186808619,0.0006794366636313498,0.23528713919222355,0.0626282104379216,17,0.4667161262093945,acquired_kspace_complex_least_squares
file_brain_AXT2_201_2010077.h5,shamaei_e2e_varnet,8,256x256,image_crop_256,16,0.1015625,10,0.0,148.82356595993042,1.1239125728607178,0.4756695032119751,16.993296632079453,0.4011368511650701,0.0005854652845300734,0.016725222405511886,0.0018024806469438919,17,0.4667161262093945,acquired_kspace_complex_least_squares
file_brain_AXT2_201_2010089.h5,shamaei_e2e_varnet,8,256x256,image_crop_256,16,0.08984375,10,0.0,216.55004477500916,1.1560041904449463,0.5782068371772766,13.821138740830483,0.27037760903724484,0.0005778780905529857,0.014368462900165468,0.002533239284317048,17,0.4667161262093945,acquired_kspace_complex_least_squares
file_brain_AXT2_201_2010553.h5,shamaei_e2e_varnet,8,256x256,image_crop_256,16,0.11328125,10,0.0,201.68141341209412,1.1349389553070068,21.30366325378418,2.9214070888105215,0.4089418814684102,0.0008317273459397256,0.25049688294529915,0.17738875692986103,17,0.4667161262093945,acquired_kspace_complex_least_squares
file_brain_AXT2_202_2020079.h5,shamaei_e2e_varnet,8,256x256,image_crop_256,16,0.1171875,10,0.0,198.14565348625183,1.0699784755706787,7.811135768890381,5.65060840918599,0.4385875442293882,0.0009274911717511714,0.14711542311124504,0.05465660688187591,17,0.4667161262093945,acquired_kspace_complex_least_squares
file_brain_AXT2_202_2020116.h5,shamaei_e2e_varnet,8,256x256,image_crop_256,16,0.109375,10,0.0,94.74732279777527,1.120945692062378,0.8052170276641846,14.987736650568241,0.1689368115731984,0.0010174192721024156,0.006731341622071341,0.0027226187974252014,17,0.4667161262093945,acquired_kspace_complex_least_squares
file_brain_AXT2_202_2020419.h5,shamaei_e2e_varnet,8,256x256,image_crop_256,16,0.140625,10,0.0,141.5818464756012,1.1703040599822998,8.07659912109375,6.848262850504145,0.4315480178386087,0.0009418961126357317,0.1710264990106225,0.017658760695631114,17,0.4667161262093945,acquired_kspace_complex_least_squares
file_brain_AXT2_203_2030111.h5,shamaei_e2e_varnet,8,256x256,image_crop_256,16,0.11328125,10,0.0,28.703530311584473,1.1114978790283203,26.19756317138672,-1.9898606576681632,0.21623164774544226,0.0005174323450773954,0.28672514483332634,0.04785821417333069,17,0.4667161262093945,acquired_kspace_complex_least_squares
file_brain_AXT2_203_2030145.h5,shamaei_e2e_varnet,8,256x256,image_crop_256,16,0.16015625,10,0.0,29.40733051300049,1.2861287593841553,0.6063804626464844,15.047345861820133,0.35005792895215326,0.0006899415166117251,0.012356403225567192,0.0029662609160143114,17,0.4667161262093945,acquired_kspace_complex_least_squares
file_brain_AXT2_203_2030401.h5,shamaei_e2e_varnet,8,256x256,image_crop_256,16,0.140625,10,0.0,27.31623601913452,1.2666537761688232,4.94959831237793,2.7380068580970267,0.3514771962699511,0.0005708764656446874,0.17150684911757708,0.029462185159446964,17,0.4667161262093945,acquired_kspace_complex_least_squares
file_brain_AXT2_204_2040005.h5,shamaei_e2e_varnet,8,256x256,image_crop_256,16,0.12890625,10,0.0,157.10964369773865,1.160167932510376,0.7944210171699524,13.00779948919876,0.18241133961104428,0.0006809495971538126,0.007368845690507442,0.0022751736553942524,17,0.4667161262093945,acquired_kspace_complex_least_squares
file_brain_AXT2_204_2040043.h5,shamaei_e2e_varnet,8,256x256,image_crop_256,16,0.109375,10,0.0,80.22937417030334,0.7344715595245361,2.8391830921173096,7.553503860289904,0.5634872011124896,0.0005884183337911963,0.11785449995659292,0.045317647846263735,17,0.4667161262093945,acquired_kspace_complex_least_squares
file_brain_AXT2_204_2040073.h5,shamaei_e2e_varnet,8,256x256,image_crop_256,16,0.1640625,10,0.0,153.1724410057068,1.1223325729370117,0.5632624626159668,13.395464877960425,0.3301412717183293,0.0006355542573146522,0.014571231149602681,0.004801430666876964,17,0.4667161262093945,acquired_kspace_complex_least_squares
file_brain_AXT2_205_2050022.h5,shamaei_e2e_varnet,8,256x256,image_crop_256,16,0.11328125,10,0.0,200.48233103752136,1.0603008270263672,13.078059196472168,1.6924108316248803,0.4094019744500319,0.0007925914251245558,0.22694850526750088,0.1151183905410777,17,0.4667161262093945,acquired_kspace_complex_least_squares
file_brain_AXT2_205_6000027.h5,shamaei_e2e_varnet,8,256x256,image_crop_256,16,0.140625,10,0.0,149.39304399490356,1.065877914428711,0.33211788535118103,20.601773566716798,0.808495038225898,0.0011069384636357427,0.07353550009429455,0.016255435970856373,17,0.4667161262093945,acquired_kspace_complex_least_squares
file_brain_AXT2_207_2070289.h5,shamaei_e2e_varnet,8,256x256,image_crop_256,14,0.11328125,10,0.0,11.625043630599976,0.6018223762512207,0.054481182247400284,27.277397268027652,0.8141840194348996,0.0010126341367140412,0.045231442632419724,0.012404611458506862,17,0.4667161262093945,acquired_kspace_complex_least_squares
file_brain_AXT2_207_2070356.h5,shamaei_e2e_varnet,8,256x256,image_crop_256,16,0.12109375,10,0.0,13.782872915267944,0.885819673538208,0.524403989315033,15.966465833697443,0.3604140771704938,0.0008295249426737428,0.014884223986882716,0.002297077623331425,17,0.4667161262093945,acquired_kspace_complex_least_squares
file_brain_AXT2_207_2070712.h5,shamaei_e2e_varnet,8,256x256,image_crop_256,16,0.15625,10,0.0,27.408320903778076,1.1404266357421875,0.09248548746109009,23.88909483656583,0.7919462196282865,0.0008245721692219377,0.03564140072558075,0.013095441670966778,17,0.4667161262093945,acquired_kspace_complex_least_squares
file_brain_AXT2_208_2080011.h5,shamaei_e2e_varnet,8,256x256,image_crop_256,16,0.12890625,10,0.0,25.538058280944824,1.0447204113006592,4.2263360023498535,6.943848287101132,0.5007414306217159,0.0008243003976531327,0.1282287328504026,0.02624359419817191,17,0.4667161262093945,acquired_kspace_complex_least_squares
file_brain_AXT2_208_2080711.h5,shamaei_e2e_varnet,8,256x256,image_crop_256,16,0.12109375,10,0.0,13.399965286254883,0.6975803375244141,49.38749313354492,-3.849860597795108,0.1491968782646398,0.0007923743687570095,0.37512629106640816,0.06626622154559689,17,0.4667161262093945,acquired_kspace_complex_least_squares
file_brain_AXT2_209_2090109.h5,shamaei_e2e_varnet,8,256x256,image_crop_256,16,0.12109375,10,0.0,68.37514305114746,0.7345318794250488,0.1945941299200058,19.37120929365697,0.7797244456013108,0.0004943629028275609,0.06738477339968085,0.012775990274835256,17,0.4667161262093945,acquired_kspace_complex_least_squares
file_brain_AXT2_209_2090122.h5,shamaei_e2e_varnet,8,256x256,image_crop_256,16,0.09765625,10,0.0,154.98459362983704,1.2732415199279785,2.263331651687622,11.937030832425421,0.6007639510396685,0.0005670847021974623,0.12307199509814382,0.033218647352852904,17,0.4667161262093945,acquired_kspace_complex_least_squares
file_brain_AXT2_209_2090239.h5,shamaei_e2e_varnet,8,256x256,image_crop_256,16,0.1328125,10,0.0,100.99958419799805,0.7787618637084961,0.542650580406189,16.19254190037243,0.3324436287817901,0.0005294729489833117,0.014394442609045655,0.0020763264109862154,17,0.4667161262093945,acquired_kspace_complex_least_squares
file_brain_AXT2_209_2090388.h5,shamaei_e2e_varnet,8,256x256,image_crop_256,16,0.1484375,10,0.0,65.51308035850525,0.735445499420166,0.10448592901229858,22.261712122945426,0.718337846500645,0.0005014390917494893,0.03385524469194934,0.008712897378230895,17,0.4667161262093945,acquired_kspace_complex_least_squares
file_brain_AXT2_209_6001087.h5,shamaei_e2e_varnet,8,256x256,image_crop_256,16,0.125,10,0.0,66.94382977485657,0.7419459819793701,1.2741875648498535,12.670907406338713,0.634534042281188,0.00048808654537424445,0.11942329024896026,0.017907373228278175,17,0.4667161262093945,acquired_kspace_complex_least_squares
